SAR,E_field,Frequency_Index,Depth,AMC_Presence,Tissue_Region,Temperature
4.557027414283613,63.6885493631997,4,3.136455057878106,No,Tumor,42.48690567575854
11.413500246278002,167.15127473972387,3,0.9355732559241563,Yes,Muscle,53.99850907505381
8.810727907555721,263.1542924041584,4,3.0461545870134175,Yes,Muscle,53.61528536793046
7.224035961944735,222.34521705877273,2,2.492944001997092,Yes,Fat,47.94023852931366
1.9566218212649946,243.90273287982043,2,2.1266962799943325,Yes,Bone,41.43395966152055
1.9563347920008116,201.04717634610805,1,4.312080084715596,No,Muscle,42.25826325053168
0.7911949848015736,210.76020371017722,5,2.590158866928213,Yes,Bone,39.99841000831972
10.407496134721729,256.2667389539426,4,1.3764699178797537,Yes,Fat,51.47417704099417
7.253268639744185,82.40372256916392,1,2.3358539175091946,No,Bone,40.46209830760807
8.52606367577294,151.93323945651073,5,4.177549618290691,Yes,Tumor,51.556633594366254
0.3449554821200491,74.15073812768465,4,1.2043818853223787,Yes,Bone,37.82822262451217
11.641927240727732,296.4237223190276,3,1.3558281547529476,Yes,Fat,54.1852064921412
10.00606742552502,283.7772085091178,4,0.552118271028335,Yes,Fat,52.401708269235186
2.6268354170714865,21.43377529686671,2,0.5567601975830687,No,Fat,38.59297726489642
2.2637171097644977,214.61680002954967,2,3.81756650783405,No,Bone,39.63131606956763
2.2825136672558624,278.3220120505431,3,3.4284904273718233,Yes,Tumor,49.23283014592226
3.720482691218499,62.366850086926725,1,1.920164225807833,No,Muscle,40.994144020497075
6.34460153642363,174.70411686026256,5,3.293244628910291,No,Tumor,47.72464729926428
5.240145721841177,275.4916063005321,4,2.080823705239881,Yes,Bone,42.62280007439432
3.565626768356699,19.844333789881667,2,4.3115871839913105,No,Bone,37.0
7.3810494471963155,212.25187750158358,1,4.36821072570414,Yes,Muscle,49.20451434762685
1.7599769417592979,96.23121213803972,3,2.0711751032373735,No,Bone,37.99344648661684
3.5765213175690964,278.0748966591938,2,3.916887625363472,No,Fat,43.93362186940519
4.459705935194931,291.60689109795663,3,3.5923561667898647,No,Fat,46.04992439212167
5.527232812182727,283.83728184289583,4,1.7399997486871572,Yes,Fat,48.23102590584335
9.443593940576863,147.5221228306645,5,1.4281593156044239,No,Fat,47.11499903896602
2.476118007684481,259.9923687869009,2,2.3329386015713354,Yes,Fat,45.48306161395639
6.219389817121978,254.9193255751704,2,3.625395362457625,Yes,Bone,42.74210509316653
7.149733369458305,102.53913724054414,4,4.340671138914981,No,Muscle,43.81248093336016
0.652759911367973,250.38548750369642,1,3.5543162754662903,Yes,Muscle,43.636727127410516
7.329783737627117,20.732214067492862,5,3.92082794007348,No,Fat,40.61369821560082
2.1292370718787694,182.9182647597954,2,2.912257224682066,Yes,Bone,39.91739074887487
0.8741139565248263,76.70256281343389,5,3.8416313233685035,Yes,Tumor,39.65523182617209
11.391737893314666,44.964396875410856,2,3.6376834320136706,No,Tumor,48.35920197138772
11.591021193587256,32.316428472470655,5,2.0079421677051204,No,Bone,41.39853010790414
9.719928442585887,211.92374500466053,3,2.7079612084828844,No,Fat,47.08219579751482
3.7249038531631116,108.56373949273917,2,3.7190124879587794,No,Muscle,41.12452696287894
1.2622981566759681,220.18236374334083,5,0.6842269367598255,Yes,Bone,41.3066039222908
8.242373015494667,28.953338831693287,1,3.7323171294233197,Yes,Tumor,45.92458332747619
5.337814675501256,101.434197970877,3,1.2115524961960937,Yes,Tumor,46.772301654322405
1.552254994652868,166.45247478884778,3,2.558734468485756,No,Tumor,43.45228215102107
5.992605230324115,239.30971780329943,1,3.7331017582237505,Yes,Fat,46.5072598031626
0.5092234012710989,102.43822585030027,5,1.5152843126267794,No,Tumor,40.46857129558159
10.920912784737506,191.50849916673263,4,1.483229757224612,Yes,Bone,44.8040011791134
3.1794817810402014,266.93354698849424,1,2.1110575938490075,No,Bone,41.685344761271985
7.984015183812385,188.60032457286832,5,4.078571190310538,Yes,Tumor,52.28285366035332
3.8093618054639906,77.5582476785538,1,0.5017711257488315,Yes,Bone,40.96023788683527
6.288809452015949,17.076226651396027,1,4.10553238656774,No,Tumor,42.00780540347485
6.605852324185028,262.32867343126964,2,1.1152280985664311,Yes,Tumor,54.46239967081364
2.299768020753772,16.16812914661227,5,4.460345504269928,No,Muscle,37.0
11.638057070398247,263.6634850784178,4,4.319387972153873,Yes,Fat,51.57137063589994
9.324080597997263,163.39176886789147,2,2.4787007583651333,Yes,Fat,48.26292876180879
11.28003740461385,282.3296325687399,1,2.5508809912505126,No,Muscle,53.777862794494816
10.74844547008902,241.64713837436295,1,2.426197361103417,No,Muscle,53.30768816675982
7.215009747851913,299.40089205466785,1,3.0417745826380904,Yes,Fat,50.077627517145
11.07030339677509,111.70642648099594,5,0.8628868089397241,Yes,Tumor,54.94044949512052
1.153060774417842,232.4846037900268,5,0.630471793366266,Yes,Tumor,47.89446257965676
2.432196062787828,126.55996494668022,2,0.7308117136635954,Yes,Fat,42.42623843127394
0.638204738035403,149.16392988813357,4,2.2774613969660575,Yes,Tumor,43.35755810275727
3.9714309360828457,191.97658433332734,2,1.6021917568779336,Yes,Muscle,47.04516251091702
4.725259747304836,263.3663631140382,3,2.988158249483975,No,Tumor,49.86674731041267
3.3290534781093615,295.38420606779556,1,4.469769157499115,No,Tumor,48.816268159333944
9.96197635890796,232.7992900207103,1,2.0452926923058636,No,Bone,43.96264720901541
4.345364587653712,131.1523668285268,1,2.7953650164180535,Yes,Bone,40.20364956696205
3.443120665279831,132.19353066035035,2,2.162415583629342,Yes,Bone,39.13669468076393
6.558083389583157,223.89886746077852,2,3.8890866708874374,Yes,Tumor,52.20744206018503
1.7769982771996757,79.24537227280767,1,4.108945613848952,No,Fat,37.90013652885367
9.646144070973072,42.03749280810445,2,4.00942244882104,No,Muscle,44.50786211200541
0.9871526597892728,112.84042571582519,5,4.39748895471703,Yes,Tumor,40.57281043295024
11.843954545546156,93.2993075796837,5,0.6100767405616612,Yes,Fat,49.78427625680211
9.289712754630223,95.92935493223713,2,3.859264648582124,No,Tumor,48.22607461585368
2.464716610256652,77.74624780447388,1,3.507088692156373,No,Muscle,39.723067600354454
0.16571319377086857,22.207024994544945,2,1.4147776376014591,No,Tumor,37.77206247069591
9.803990998612527,15.183441072690005,2,4.32528037355011,Yes,Muscle,45.14041697881844
8.511602391786644,296.43949302344913,2,1.0927117129197819,Yes,Tumor,58.83299287307441
8.775185299687749,134.0542087834001,3,3.2181997085356335,Yes,Muscle,49.022578702717915
9.278117125562755,121.45472767630768,5,1.39956086726365,No,Tumor,49.67233371687743
0.9811313556356753,207.09771198099025,4,2.2255225950962987,No,Muscle,41.84128920725896
4.365742169676844,73.29362748086861,4,3.3766395877782758,Yes,Bone,38.63080771303228
1.4788418083490438,285.48874334556535,3,2.7532985681321867,Yes,Tumor,48.065988206363855
10.370930767919562,238.04005418051008,2,2.210007325312447,No,Tumor,54.917975687692746
7.517247709247939,35.92919067055526,3,1.805353723727949,Yes,Fat,42.980675106123726
4.0376864957465255,131.09842497762924,3,3.8586386228351612,No,Fat,40.44974676280115
0.8563443684036812,264.9443091930277,1,1.0752574012592548,No,Muscle,45.01476216517974
3.8006896284163805,283.972286464509,5,2.2204115061192002,Yes,Tumor,52.58981033075969
3.96968153211829,145.54643826246223,4,4.115030287100568,No,Muscle,42.56548067906556
8.782313522222962,187.88930287110523,2,3.8833982018398707,Yes,Bone,42.12017064046125
7.686933909127036,58.43984436670181,4,2.1037670498921868,No,Fat,43.21666487855071
10.657831636658285,297.4389015797232,4,3.552433454405233,No,Muscle,52.81221255312334
5.719357609427196,77.18479340119859,5,3.792643322835437,Yes,Muscle,43.39557790790607
1.5231715266657904,283.3922144991864,4,4.055549696014519,No,Fat,41.84873243956645
8.58761296795364,198.39752820778685,4,2.678023076196912,Yes,Tumor,54.373586290574856
9.15334207854108,186.24367051486914,3,1.3178435442188472,Yes,Muscle,51.98095859596465
6.779198651077005,158.6796681947875,5,1.5212363060157266,No,Fat,45.20948844645146
9.274509441459276,76.89424539815002,1,1.6827786961664168,Yes,Tumor,50.98097105655367
5.97616759673625,61.19312928159739,2,2.875209923238462,Yes,Bone,39.188266524678816
6.320520669645729,73.94100063035086,4,0.6312384965144338,Yes,Fat,43.58384377762919
5.187738118466741,64.0670960218338,2,3.044169875119873,Yes,Muscle,42.62708314708158
0.40248760825473273,236.07949733435845,1,1.957416953712928,Yes,Bone,40.85643707807548
1.383907981220323,111.53632515835173,2,1.6809672099585686,Yes,Tumor,42.9754646406995
0.47400730967213756,26.774376203384946,1,4.0179862829125055,No,Tumor,37.0
7.6732838940389865,291.0397627408353,3,2.3400095823231957,Yes,Fat,50.30226090171795
3.8408361748082878,266.29790663939343,4,0.8802121821307711,No,Fat,44.93585192437005
6.151991224859962,279.04816212661177,1,3.806987072104988,No,Fat,45.66346034525191
10.900041039720508,298.52326856746623,2,0.6905650297460264,Yes,Tumor,62.11134953103337
3.0665775268716122,60.42962227365131,4,3.4069968966727866,No,Bone,37.6699178662223
4.983556784123993,124.91018548177104,3,3.5956248870826606,No,Tumor,44.20534606403271
9.091058548662279,229.8891579541865,4,1.9104104237154327,Yes,Muscle,53.36591538722462
2.8226981693503075,211.84597923559974,1,3.799151425111147,Yes,Tumor,46.997007860246605
1.0160609269626366,54.62981283855797,3,2.5626376234258137,Yes,Muscle,38.328589496389284
3.5480422896738397,246.59160624727915,2,2.3531746130911873,No,Bone,41.55222153650546
2.018533318322653,75.08776583263159,3,0.6816131258747702,No,Fat,40.550361370584326
11.163402062876619,74.90710829856069,3,1.6601167745956236,Yes,Fat,47.25690590496355
9.716632516816562,165.72258263908995,5,4.224039883541199,Yes,Tumor,53.25618205677978
7.637504702474039,181.95258110409392,3,2.067295853134,No,Fat,45.02273849287789
10.470381023233841,178.22500027296525,3,2.6868020822270733,No,Bone,42.77126162031778
9.663697715099461,36.53118284534891,4,2.628086715937007,No,Fat,44.039080015896175
2.3201837007438266,264.46365016281027,2,2.8617243592907733,No,Tumor,47.25796105127887
10.721452082030735,87.02401235072476,4,0.7453238225731305,Yes,Bone,43.89382508521454
6.518172678796243,47.55932717201321,4,1.9487050191949131,No,Muscle,42.56491328499236
9.708537846452344,267.7369431620034,1,3.3925130955302167,No,Tumor,54.91433299878908
10.76348646908957,287.1389344866285,4,1.3022410042919317,No,Muscle,54.70494737652537
3.8842413521651804,260.0170090069807,5,1.3143135101854417,No,Bone,41.901920596687
1.4096179018793535,244.75966167021465,5,0.5403624267560989,Yes,Tumor,48.889444904991606
2.812428434249106,200.0201743853163,1,2.249927706432839,Yes,Tumor,47.18284595720631
5.18258268465245,169.7486374766504,2,4.030937522693688,No,Bone,38.75983383709768
9.834375714477668,35.22616037430894,2,0.707603774349236,No,Fat,44.950452190926704
10.342693940750486,128.45143179050262,4,1.2644748379840105,Yes,Tumor,54.030370532040145
0.18273035332116938,118.07966993357105,4,1.7403381533710203,Yes,Tumor,41.273888153052916
6.177892900673032,85.3285972904946,4,3.4268989462568515,No,Muscle,43.24416490816182
5.06719093747047,219.79183296968964,2,3.062542371210346,No,Fat,43.420354765512286
2.74308294460169,153.80396317284354,3,2.16377561832742,Yes,Muscle,44.266712373025406
1.5263978712708255,33.5034026132179,5,3.536275757033503,Yes,Muscle,37.38729685488963
4.117620539703172,73.85312856544529,3,2.9385240466276077,Yes,Fat,40.706643576098735
11.320625476558979,208.14504146128283,3,4.084163198628876,Yes,Fat,49.52451009415869
3.9461148910469874,32.077949252187054,2,3.772106996554772,Yes,Bone,37.98123148367734
6.273608398746056,256.8500050741429,3,1.5112544243568022,Yes,Fat,48.91425132286762
8.465925610852617,153.59249283405256,1,1.5857543105368008,No,Tumor,49.99614298191635
4.427192268313598,149.37010742472793,4,1.0014259031695425,Yes,Fat,45.0910054699477
11.664206784379433,181.7982575512601,1,1.847858902869826,Yes,Bone,44.792208918947615
11.553122809811123,249.15748011829325,5,4.498175674876377,Yes,Bone,45.418776851984724
3.0962093203218335,110.86467029163599,4,2.123004674460244,Yes,Bone,39.13841725226513
6.017257220119387,206.62468424212844,3,1.3819537387564256,No,Fat,45.32587869460641
3.6804518868195593,174.0622695587794,5,3.549931537902212,No,Fat,41.59852981194834
3.489601883091865,87.43819834913218,4,2.6698840138506243,Yes,Muscle,41.86610952574297
0.5389546735189403,264.8026960429958,3,1.0984057981078101,No,Muscle,45.77985522372152
7.353815574360772,241.25354626600915,1,2.022758724643463,No,Tumor,52.38304797137163
6.0818803764234515,200.95103205094338,4,2.1578788621573732,No,Muscle,47.086577409999514
0.7125971398748733,256.6687014373301,3,3.5153188022768744,No,Tumor,44.9312911844398
3.4158929244156764,261.51531827834265,1,0.5826854755676178,No,Bone,41.72333622605174
10.908364043003179,215.42526324736008,5,1.576078587193242,No,Muscle,52.973486597523824
2.950786498936972,252.73386522546488,5,2.570385205262088,Yes,Fat,44.28804244390814
1.8242489778855548,212.26672388409224,5,1.5753869698113734,Yes,Muscle,45.02046404139735
5.924487847302999,207.24082381048711,5,3.0137361896759955,Yes,Tumor,51.50440642223761
11.829240403916149,189.39729968240346,2,2.4274699170984664,Yes,Muscle,54.33792955914402
2.980457730986855,228.28782547171596,4,1.9468410194383226,Yes,Bone,41.53193332650983
8.098413014129955,55.99548053499137,4,4.296834507482049,No,Fat,42.2099138451983
9.16327342241174,265.4525201676893,2,3.0286379967458297,Yes,Tumor,57.954857746863205
2.9278867735095564,262.83462304611726,3,1.019765489071765,Yes,Fat,46.121657089152144
8.76577454848113,18.481712080022152,3,2.740366789773582,No,Fat,42.94643575090352
4.476619279359113,249.48685766378117,5,3.622927412803604,No,Tumor,48.39118479040331
7.624439384063596,47.372261567299105,1,3.3339587899711893,Yes,Fat,42.58001109888238
7.639003558054647,107.18446773515115,3,1.1883569171810375,No,Fat,44.347319504533246
6.475718740489626,225.61739432456625,1,4.389679996160414,No,Muscle,46.92189199207461
1.174448263647459,56.62036985400938,4,2.295254582986424,No,Fat,37.39965461374607
10.040099697511932,247.21043699452804,1,1.1361000149610452,No,Fat,48.846802331036436
3.917282773163657,251.31891160774515,4,1.2207830165125917,Yes,Fat,46.6143229163974
2.3195702737582655,157.1656427906425,2,0.892939968756322,No,Fat,41.65291252860732
0.5852241845016907,11.851902797881738,2,3.7140724337397373,Yes,Tumor,37.0
7.131626023940077,93.2410586207247,5,0.9881219772873946,Yes,Bone,41.67713461292996
8.16301590592316,188.90880632896523,3,1.0005010285669877,No,Muscle,49.31308218506302
0.2973951642414882,294.54399162795283,5,3.9018864590433506,No,Fat,42.379784356459794
6.193907393761443,193.22592283483382,4,1.8784163377902385,No,Fat,45.1308627238492
2.795299724855462,85.34303850860634,5,0.6234316172322898,Yes,Tumor,43.56069811107259
7.777556205872453,193.86165389888728,1,0.7075811980736435,No,Bone,42.72698368317595
2.1749605051593983,166.59576011759808,4,1.0686817868155822,No,Fat,43.386141456047405
8.322159083419345,236.15516459383164,2,1.3535733919027582,No,Tumor,53.822088005233866
4.702150620976395,41.02438525981793,3,3.1605847769536215,No,Muscle,41.000088081454884
11.247086865967141,230.6980917255881,4,1.129305120007313,No,Muscle,52.95655965104028
1.7364992353373199,166.96730781607198,4,0.975497564708288,Yes,Fat,42.229626369188445
4.158689577498076,289.26768111910843,1,3.5588765659051167,No,Fat,45.64629325843026
1.4503349027630101,109.14292815121897,3,3.1842211354396577,No,Bone,37.93803432299009
11.103854057514898,193.46034900884496,2,2.2412968858209448,No,Bone,43.73691027101512
10.540338305233673,280.2881505979051,4,2.697239085920416,Yes,Fat,51.6923812649646
3.169505369810352,39.72782111729698,4,1.747936081305674,No,Tumor,40.710891402051836
7.95381014780673,281.7962612985708,1,2.4300016809414426,Yes,Bone,44.24863695622301
9.824944182394468,209.48685946723586,5,2.526690595930983,Yes,Fat,48.93813701470429
6.706889658033601,29.67274714049985,2,2.0489490847123837,No,Bone,39.6033597760996
6.402841882436477,97.27943441457671,3,4.126288842688651,No,Fat,41.68451176480774
2.978042261715375,215.36990570713166,4,0.5642474599240246,No,Muscle,46.09721825734029
1.2079229368902007,29.53167442594379,4,3.6286850523649847,Yes,Fat,37.0
10.776867519644588,178.82943345111926,2,0.9975313249652973,Yes,Muscle,53.827410131969856
10.814974880243632,110.30608651635745,5,3.6901894421487977,Yes,Bone,42.11259832165432
7.633907341551889,190.06550015256838,4,2.963647662706885,Yes,Fat,46.49757126028359
4.134454513479538,23.265189805628726,2,3.8731123637456095,Yes,Bone,37.88386229108226
4.255593937890664,262.7456737841891,1,0.8900573025635898,Yes,Muscle,49.9838340084695
8.73887257855585,292.3118010614451,5,2.735922536399096,No,Fat,48.86889969551005
10.775612093435667,290.9745780328505,3,2.5043515210487883,No,Bone,45.04533480545253
10.656328448754897,227.39903120544815,4,3.3247727318534346,Yes,Muscle,53.93331923643042
9.380518995705724,47.72500963788327,2,2.637162207574703,No,Bone,40.45106446570106
7.740176589236024,229.89632681941654,1,2.6629382685324168,No,Tumor,51.603245449972974
1.1012655834410812,17.130205773052438,3,2.2183837743042587,Yes,Muscle,37.04132570207464
2.023381697725904,16.415829943409204,2,1.7353376960293634,Yes,Muscle,38.24021767052493
10.792794843472244,103.84696355336696,2,2.4290574450087687,No,Muscle,48.61367316544898
7.3165058099491205,151.70652521735306,3,0.9739694350736023,Yes,Fat,46.68914150672148
0.2094449142378928,233.41815116426002,1,4.346053355932339,Yes,Fat,40.649716722056915
1.3075113601057822,208.15565921588652,1,3.357643054506393,No,Fat,41.154597704407685
7.995671052385864,139.311784849257,5,4.309868466751388,Yes,Tumor,50.3295928441533
0.16023284777000238,89.3517332216831,4,1.406909529319853,No,Tumor,39.26758175746053
2.013615811868234,299.16610504573623,3,4.017364080706113,No,Muscle,45.36568791577812
6.629932093462375,133.59257764843215,3,3.735159938254154,No,Tumor,46.94742016335462
8.33355285254305,140.9022370556059,3,3.2086096498306946,No,Bone,40.59512440793228
7.858338988080946,57.450908145584066,1,3.000116744340823,No,Muscle,44.222452992994256
2.7688047825806614,240.49476913747952,4,1.76619866107148,Yes,Muscle,47.22347273023656
8.574932734035677,211.1678454766317,5,3.765643139860123,Yes,Bone,42.421107258218875
2.923264141211921,74.02318770874051,2,2.506061845918935,Yes,Muscle,41.163659948553764
3.9722564080952862,33.89050322859438,2,0.7835663035651415,Yes,Tumor,43.01272894504143
8.983247720904487,207.3447976016668,3,1.75145264342052,No,Fat,47.1429414649834
7.830631498661854,199.8082521415292,4,4.241188394181311,No,Bone,40.7572814600655
10.205758584880718,89.24526282948071,1,3.902721042419385,Yes,Tumor,50.62530544573824
7.925593418374086,285.75043305261903,4,4.427622792306156,No,Bone,42.01660027102438
6.862872379692112,53.80678861646107,4,3.0119735304163924,Yes,Bone,39.66768663769992
1.2147297371543007,135.37709230235455,1,1.4900402925616478,Yes,Muscle,41.815921923371214
4.475818056407259,283.6486168486037,3,1.151260198707455,Yes,Muscle,50.13363769113631
3.255908175412533,131.72092190857546,4,1.2476577624338465,No,Tumor,44.23430415083929
3.0034767562110947,195.17252482258482,2,0.5791826333890175,No,Bone,40.76472598987555
11.678825601554102,125.30237540921034,1,2.0627284439437568,No,Muscle,50.359112721161644
4.777862923534449,89.52240868111431,5,1.26571072199817,No,Muscle,43.4642284243263
10.715354006607647,295.35351790835017,3,2.1466218418268097,Yes,Bone,46.68655920879241
7.610549649367428,128.70686183136246,1,4.239977727355061,No,Tumor,47.01324645203324
9.558254512145616,269.288769066949,5,2.22216083802876,No,Tumor,55.740634368341915
6.081381407951786,76.68683570841499,5,4.011937987939339,No,Bone,37.51054277684031
6.965156227053673,71.80036416727415,4,2.922019066463506,Yes,Tumor,47.041615829920104
5.96096055644448,19.028884036508295,4,1.4885262186455677,Yes,Muscle,43.177334013552546
2.4233915547967295,198.98337935900668,4,1.9234190370368456,No,Bone,39.780575400677144
8.697180171611913,116.87263967989072,1,0.8356781432857177,No,Muscle,47.950406383564726
3.4411911130461843,260.6638924534948,1,1.833850374384042,No,Fat,44.02731108549868
0.38936000053430075,147.23087294055156,3,3.210163782014136,No,Fat,38.567355085589526
7.781120321295297,290.7760940952693,4,0.7884443717177407,Yes,Tumor,58.535394806935166
2.2076170849438825,63.80239955390513,5,1.3216056339121174,No,Fat,39.532279821521875
11.29145715379968,261.9007187071271,2,2.025764165653246,No,Muscle,53.63913269582367
11.45175006633079,235.2130873096051,3,4.42819814806385,No,Fat,48.558000181312266
10.986886243623337,233.56733494677508,1,3.6394472918355207,Yes,Muscle,54.301151189432545
4.504888533039788,254.9871361538974,3,3.4339469859684155,Yes,Tumor,50.88948241765686
0.2839337366935224,230.69695737346967,3,0.9647638261017839,No,Tumor,44.95974968117152
11.146990894793932,191.60389327311046,3,3.6239835744599658,No,Muscle,50.423851382307255
5.19539136497604,48.0610145278924,3,3.6410752460640605,No,Fat,39.23599060348632
11.603192346619668,19.432592052463058,2,2.904410782497313,No,Tumor,48.99104890110036
11.56707772736211,277.0458758665492,4,4.4614471279934875,No,Bone,43.45679506519806
10.250812520061585,188.82859121101404,5,1.8010156236982078,Yes,Tumor,56.13545916611478
3.60394181562807,240.99581438309113,3,4.265089792967407,Yes,Fat,43.46475509632757
4.682662970362911,149.64148193863952,3,4.158924459826014,Yes,Bone,38.454851827673075
10.228526391050597,44.0193747990944,3,0.5459226389975114,No,Fat,45.37404916058379
3.8713718613597043,46.303879738739624,4,2.300466105899244,Yes,Muscle,41.541517538768744
2.116963685564501,208.8139332964017,1,4.408416932206293,Yes,Bone,39.52973433115667
6.725935023254367,134.78870952084418,1,0.9124854496323032,Yes,Fat,45.682135585782454
11.240241812513293,68.15217074309766,2,2.691138777533278,No,Bone,41.33691109934004
8.382754580432179,152.5624185550167,1,4.415830028164416,No,Fat,43.84449408101167
6.883727924063443,28.620591751788886,3,2.7219816964234407,Yes,Bone,39.256222338631844
1.2564002758721458,178.77170655517565,3,1.259261211888624,No,Fat,41.88748856911506
7.41858599772012,88.00808728617832,3,2.828732920370359,Yes,Muscle,46.006669667299676
11.881640816240733,241.29213918478456,2,1.3177622957981874,Yes,Bone,46.67160946426376
1.766999781314636,100.00496808783639,3,2.578817051577937,Yes,Bone,37.915415122614576
6.268122863128467,142.01384323372235,1,0.796168871649392,Yes,Bone,42.74413021694934
10.54073955594267,13.369956573349185,4,2.9219306768576185,No,Bone,39.42882819088597
8.915146551275033,31.009597460422075,4,2.5671597565126327,No,Muscle,43.92541429616539
8.394487317843689,123.82313135793859,5,3.4606454750458524,No,Bone,40.71036318806505
8.4595605994466,149.1822620679658,1,3.02280188463514,No,Tumor,50.393450051560386
4.377944699515086,184.00595895459807,3,2.6984250741230267,Yes,Muscle,46.17028322355442
3.5937429467474713,94.58214782569794,4,3.2591153969924846,No,Tumor,41.993782143725966
9.731397750194311,211.54474697669733,1,1.0757676542889234,Yes,Bone,45.43994971056356
9.740349396682252,259.4354951848693,4,2.8814386450344163,No,Fat,48.640119639833394
10.418160591103234,236.15678677907144,3,1.1884424112911107,No,Tumor,56.5562778404611
10.967562575422008,21.489459351023573,4,4.202088831407524,No,Bone,39.220351316463
6.18497454644516,149.3470147047704,5,0.7733364193824168,Yes,Tumor,50.8853703382373
6.0680439067776755,40.429751741270714,5,2.221498998763173,Yes,Bone,38.88534355732916
9.599712629704625,80.19305460013297,4,3.2831899106217795,Yes,Bone,41.265998672889424
7.834570776255405,296.13215204747246,1,2.332088846673035,Yes,Bone,44.92852979265682
8.45340583936667,51.323707441438835,1,0.8683810129316094,No,Fat,43.87159792645921
9.569932766289602,154.67756450089325,1,2.7135160645068295,Yes,Tumor,54.085634961757506
10.691063567629039,189.26516295225454,4,3.066527635309418,Yes,Muscle,52.02431832635949
4.122142366533276,213.71484145779016,1,3.3151692439620306,No,Muscle,45.188674819116045
4.569437136415334,172.2981182112051,3,1.9930392578510356,No,Muscle,45.56547022751291
1.2183850841063413,12.83354575156326,5,2.754639884115049,Yes,Muscle,37.07471965083881
6.98153367785447,104.67377939075764,3,2.3027458997556525,No,Bone,39.873213434135806
0.5277130581812308,160.1363765815663,1,3.1882241550090136,Yes,Tumor,42.77513407366318
5.640616415776275,35.48128475200167,3,2.834227869299274,No,Tumor,42.40933115047339
6.5574711530201615,111.68181005066242,1,2.6030248782365395,Yes,Fat,43.620459940331905
3.5098409003265845,19.628901549496305,4,1.4980974673529945,Yes,Tumor,40.89294614078957
7.130915800771228,32.78776417495602,3,0.5080740709929357,Yes,Tumor,46.8296923736257
0.4629529742746882,125.10775009846286,4,1.196326701245717,Yes,Tumor,42.10987651552724
0.5444434461156515,48.487568672487505,4,0.9682641656966746,Yes,Fat,37.70045754744518
9.888946671849933,174.58684599585186,2,2.296338980043787,No,Muscle,49.33439564582225
4.386268632794028,209.94484104980705,1,2.9490326030473786,Yes,Tumor,49.09224934921888
1.612020100557429,242.17014274163404,5,1.3523400347392327,Yes,Fat,43.82524910293245
6.314694794652172,68.04357083099492,1,4.2562283838687485,Yes,Fat,41.567536105205974
9.26292328187347,58.56994885513023,5,0.5267285168955511,Yes,Bone,42.63234594454354
2.668270227212434,40.32467369697608,1,3.5892040606613715,Yes,Fat,38.25831582987825
7.512396662246103,194.56477236765465,4,3.000819078121769,No,Muscle,47.88774147567719
1.1156348334258392,214.87796068120133,3,1.9942192041907276,No,Tumor,45.412357368224164
0.7150124819064316,19.15998199943619,3,0.7019557776496317,Yes,Fat,37.86914581146405
6.423120115660961,281.50155141067006,2,3.0099462871371174,No,Muscle,49.733472573288395
6.533557947160268,25.071672258927,5,2.042454051462592,Yes,Fat,41.710445403806744
7.685415827828658,166.97593723731043,5,4.245068557652877,No,Fat,44.37148321220496
8.740486871299673,215.62755064076575,5,2.6679602995590637,No,Fat,46.68249457346137
11.712639745604163,262.5810458863648,4,4.258606045174033,Yes,Fat,51.55471827975493
6.243974144784224,217.08521031840405,5,1.3819347738932164,No,Fat,45.32799882027746
3.943182028000827,242.50114409023962,3,3.402903641456413,No,Muscle,45.84864961582934
9.562715717747574,108.44055583741375,4,2.9689960833949027,Yes,Tumor,51.19478218900673
3.3229037900186835,246.29928298648855,1,3.4576329193252473,Yes,Tumor,49.623671333042246
5.323759906397069,33.23330545155579,5,1.3586714558901472,No,Tumor,43.481207406430265
1.033630937972965,269.49683025755303,5,3.159978064951095,No,Tumor,45.735569508288414
0.40167384664394434,168.8017890845835,1,2.492161572227476,No,Muscle,41.750093162630385
11.555516134667307,247.01635328912317,5,3.471299899625265,Yes,Bone,45.043880435675156
10.04816343409525,141.17230251030705,1,1.808178576607271,No,Bone,41.9095433767641
8.382093052515005,196.63753160699224,4,4.060228101861011,No,Muscle,47.69522564621159
4.9665400385298115,162.65677167147282,3,0.8372052584454015,No,Muscle,45.42960962081064
2.162202408843065,222.16096130904623,1,3.728757275164752,Yes,Fat,42.83653260226738
1.9616008077859242,33.67269478887098,2,3.9452785032603632,Yes,Fat,37.0
3.0778904881586846,27.5021043572635,1,3.7690092454672848,Yes,Fat,37.830460250853
6.635797310002833,81.65993786294247,5,2.550905577047104,Yes,Tumor,47.21765920853578
8.603691480130742,56.26795723282462,4,2.2535399201230453,No,Fat,43.24842324509282
7.956348782941002,262.8172343117385,4,4.485049146099508,Yes,Bone,42.95492077445304
3.43121337365672,73.57205633383285,1,1.4166878048566485,No,Tumor,42.554691996270876
11.462896839892009,293.0009241875481,3,2.6875038635041784,No,Fat,50.52460554811783
8.880973308679645,107.69977961362099,2,3.182702101529302,No,Tumor,47.91752115628026
6.696813224885668,62.81419554972279,4,3.303470543445728,No,Bone,38.8149612700791
7.3794768801887916,239.01256707131895,5,1.3160986629543148,Yes,Fat,49.10479442391825
5.0932407428907,201.02525489525408,5,3.115976369359205,Yes,Bone,41.17907791432979
3.047998775063774,154.4767577714103,3,3.773478265925349,Yes,Bone,39.13457182734932
4.336074875950013,171.05542977191305,4,0.7000743072844489,Yes,Bone,41.539867115695166
9.118368714525992,218.5685156989565,1,4.146085173301266,Yes,Fat,48.49258365688914
0.2712825146940948,76.25187498607663,5,0.6180162205808237,No,Muscle,38.13837363346995
1.4812644220323032,298.9368356564552,3,1.9238841299535774,Yes,Fat,45.37938933275811
0.6474314400588577,292.69001702256713,4,0.5632527849318483,Yes,Bone,42.58554903175914
0.5846727475957446,198.5944490406117,4,0.8085806741583275,Yes,Fat,43.079246830451744
10.279980949730986,67.86731076945209,4,4.144673140720316,Yes,Bone,40.911066900129654
8.473528526622282,207.26619030507447,4,1.9194433229845913,No,Muscle,49.162016127064376
5.742668566139169,30.937538603960995,4,2.1990861217002116,No,Tumor,43.542970905090115
1.2642265117469178,18.889225639683758,5,1.3613775255302105,No,Muscle,37.86690804772239
5.950228913890305,84.72803766825197,3,2.888383080746879,No,Muscle,43.100429488392756
5.734314072288732,144.16065745440173,4,2.8792128587111585,No,Tumor,46.29817329485251
2.1611022519291807,261.79902656843035,2,1.988801567300877,Yes,Fat,44.32180986516221
5.262834625931879,220.87903023222933,2,1.8321394872215935,No,Tumor,49.761768059603476
4.842206339328744,225.3848911479945,3,4.039857232722351,No,Fat,43.739660194138615
7.428616166821376,133.39306698994187,1,2.0331369585688055,No,Fat,44.41077267344848
7.6576144453249615,110.32114783861924,1,2.474003968617633,Yes,Bone,41.07583458186373
0.6391177162873297,117.60124126553478,1,1.6332190496997225,Yes,Bone,37.95343387014567
4.557890114055008,296.4183734834568,2,3.6470780134285095,No,Tumor,49.83243649843878
7.547732996999413,21.63166550961992,1,2.0897926275963665,Yes,Muscle,44.08010246498727
6.0873214771030435,261.4391338755101,5,2.554444186177298,Yes,Tumor,53.44902547940213
10.292229110141035,177.8158684859941,4,1.5134286802386456,No,Fat,47.0862047167058
7.938454216265446,137.19847156498122,2,4.450638369365008,Yes,Bone,41.06497867473551
2.038919682269013,220.32472152038957,3,1.6659829636948915,Yes,Tumor,47.12656639351132
0.9397680940651152,151.13399301316383,3,3.5829701236222067,Yes,Tumor,42.66792628197282
7.744789410655156,263.29273904368154,4,2.2099826014270367,No,Bone,43.2661854436392
0.4154845954452996,271.203540563265,2,1.3248696203365595,No,Bone,40.57783587924478
7.070729417154213,132.29906879330207,1,3.6988750558594448,No,Bone,40.6131128545273
11.288739872956995,90.28006119816496,1,1.8344271561161727,Yes,Fat,47.22382895658224
6.948142716722959,181.78159529207505,5,3.9607733895912443,No,Bone,40.826432916571235
4.7192221218576105,274.58537022884036,5,4.161028739671292,Yes,Muscle,48.741915896006276
7.755129799464003,71.09203481164332,1,3.9392953415651037,Yes,Tumor,48.23993230984908
5.553209396849048,190.66030923341,3,0.6400316592272226,Yes,Bone,42.62633942915368
6.592839792859626,193.15246382683097,3,3.6494933800204223,No,Bone,40.45744550172679
11.303431224440649,222.60277650043147,5,2.1453578659965755,No,Fat,49.36393670795258
4.694621389829213,48.15462868690534,4,3.9948916807289003,No,Fat,39.05534006784197
11.53816770950458,217.58923975780567,1,3.051817050738955,No,Tumor,55.15995834218263
10.873672639277158,273.6194309930359,5,3.8345725365758336,Yes,Muscle,55.00526731539176
2.4299145039926278,62.108101572370174,5,2.4977270794673414,No,Tumor,40.94484486859193
0.925399480414469,78.88756422792451,1,2.6401020183957313,Yes,Bone,37.0
1.2992582163913773,291.7045772720755,1,1.077550528534669,No,Muscle,46.363174419945906
0.3168397252534418,62.48331628575203,3,3.6359494347574217,No,Muscle,37.400559236296644
1.2238712329955481,257.77167707717797,4,2.1775584466678866,No,Muscle,44.96989734818765
8.227780603654647,152.7605783699301,4,2.5003204730863304,Yes,Muscle,49.04513963382078
0.947144916676725,81.69701157692134,1,3.6403908563828304,Yes,Tumor,39.29190183171703
3.89581000049576,262.51747136902827,2,2.895381600317756,Yes,Fat,45.57390652959926
10.154016200536509,139.138523950773,5,1.3043949097706697,Yes,Fat,47.85110422415681
0.3769360352563278,159.29703263961017,5,2.860930636603571,Yes,Bone,38.441386782524326
9.792174942808336,114.17767712593205,1,2.130531431918623,No,Fat,45.52771280894712
3.4540718198034592,181.95574691612896,2,2.3781021681754506,Yes,Fat,44.031322813017894
1.5061614486977095,57.421923049656606,3,0.6132450976106711,Yes,Fat,39.13471765820526
8.391172267833392,123.4136456290106,1,1.3401173980651264,Yes,Fat,46.98551544173474
7.584419876680619,291.1295734772334,1,1.624152325524113,Yes,Bone,45.43612469346371
10.54191696097193,84.85869548332698,5,3.351840031435223,No,Tumor,49.44790801111148
8.84734542126624,200.45363271697474,1,0.5459698931924613,Yes,Muscle,51.87672627549724
9.661423071579698,104.30511862516151,1,2.135109044916528,No,Fat,44.97345496861363
3.4562114135985476,234.30720644911418,1,4.196107481702931,No,Tumor,47.364451719554424
2.211530570978702,47.95336160832145,5,0.9475224661964954,No,Fat,39.293491518583245
9.032315544526215,291.24810307277795,3,2.565697552874444,Yes,Fat,51.25514626630047
9.701333397280441,141.59896700125537,3,3.646089529563388,No,Muscle,47.75584871719804
11.887011189808012,78.45463437047455,1,4.270125230080467,Yes,Muscle,49.358289165239135
5.010150355245975,31.314056725703672,5,3.487106558134872,Yes,Muscle,40.426638812355634
4.5270152209341195,59.229792475386816,3,3.3822621945776246,Yes,Fat,40.671649245329675
9.339314232829762,160.73444508124513,3,3.8059523607830497,Yes,Fat,47.31752393444453
4.155562129010912,107.73092116507303,3,2.2848048839101747,Yes,Fat,41.662951022444275
11.17601217468242,250.37617610595674,5,3.7233781304713323,No,Muscle,52.26412731350676
10.31511174693184,134.95738186192372,5,0.5318576189818045,No,Bone,43.221549931717384
5.2050289257627185,82.12713905041267,1,4.1982442215072195,Yes,Tumor,44.51382426717456
9.03536570671882,188.97204611516872,4,2.2732260380687013,No,Bone,42.31881420430614
9.079060201607719,214.9653928967793,3,2.7135207514629904,Yes,Fat,49.194930609277705
1.3271740391475981,58.44215329127546,4,1.5195289956595293,No,Fat,38.47498931623096
10.840379589486844,58.609572723612125,5,3.4701233313616857,No,Bone,39.65547118507238
6.1125032321295,20.63471381072746,5,0.8065432259009953,No,Fat,41.58939763312716
9.934843846682126,223.55658436903576,5,3.990543210187341,No,Tumor,53.78188286062589
3.90859025226428,202.50331301032347,4,3.812467316025371,No,Fat,41.92595944015684
10.756726419104785,147.64295396744603,5,1.3642404649790656,Yes,Tumor,55.8172190017828
4.731499976936541,254.80943020106716,1,3.7372975931410495,Yes,Bone,42.33361922105012
0.2289680526155505,243.64434435551541,5,3.645430932245926,No,Bone,38.61526877973347
10.874045519389238,179.75276567505813,2,3.028866391015796,Yes,Fat,49.60421773380821
1.1863114537549895,261.798671348845,4,1.9940807075987501,No,Tumor,46.33265812595995
3.8998322873259372,69.69395091066279,2,1.5859950167274715,Yes,Fat,41.19383145362083
11.405737407904578,42.456689625341085,5,1.4271343611574,No,Muscle,47.60073522400937
11.412225048556918,88.22738733992699,1,1.7744358510544287,No,Muscle,48.698314482727355
6.923910868667105,26.555188265901307,3,4.114233773730121,No,Muscle,41.50054634750613
7.618862824820611,164.0391631202993,5,0.8105631039551251,Yes,Muscle,49.40626357659685
5.436501711542005,281.6156507655388,1,3.8154851050118346,Yes,Fat,46.85237226152524
3.589208183206968,21.409626793867798,4,1.8955603001672943,No,Muscle,40.27036257077264
4.011108089902,45.41187506290777,2,2.5863975840454327,No,Tumor,41.02950966619085
8.102969627316757,141.13771820219623,2,3.6779425345939627,Yes,Bone,40.994693591778606
9.053256900308392,280.8237550830924,2,4.037506188091886,Yes,Bone,44.13125145679571
9.519790620337597,101.68527044325765,4,1.879125680290588,Yes,Muscle,49.27812297151035
9.49645589925519,157.0980945196338,1,2.3473739251004413,Yes,Muscle,50.99127764921782
1.1853526262794154,22.056129124613708,4,2.158064259267169,Yes,Muscle,37.647442438164205
5.983601625960719,53.01952827900577,2,0.5530041340156422,No,Fat,42.277605034761805
0.784949244198067,296.1227356580656,5,1.6837715554346264,Yes,Bone,41.363711581261754
6.6393936996524525,289.8844219664532,3,2.3367569349302473,No,Muscle,49.759614365602665
5.354212966343186,11.432594470978788,4,2.144374435521759,No,Tumor,41.87894199596856
10.663679774823768,286.0254177727393,4,3.387716910062718,Yes,Muscle,56.16199413264146
4.275888649369736,195.3447819664951,1,2.039214468884413,Yes,Bone,41.56496303418116
1.49309749548851,261.6963054108064,1,2.457505795882681,No,Muscle,44.02247657995853
1.8016010164287468,141.87455813381914,4,2.2184343685294534,Yes,Bone,39.149374178016224
9.16197651743792,159.52284828798258,2,3.462504595577482,No,Muscle,47.59685374664425
7.456794953463507,151.76550827450686,3,3.95188959594785,Yes,Tumor,50.7301632192861
1.3033598458612041,203.39063468837026,1,2.6275563160300566,Yes,Muscle,43.91992846076844
1.1008709927684697,50.49886387933074,2,3.6577287767807647,Yes,Tumor,38.62181105560651
8.441532664363528,18.692341063076604,5,1.6871467280794024,No,Tumor,45.78595877670167
0.9658797757339029,99.29968306144536,1,2.665478440629075,Yes,Muscle,39.79981556956802
9.880134705555239,214.35742119362754,2,1.8809198146798898,No,Tumor,54.85719872322361
8.504282503162305,68.53750111565503,2,2.156803702287321,Yes,Fat,45.028208480688086
1.0680504896386072,205.29540566422602,3,3.4296554592506743,No,Muscle,42.10945779595015
1.109568797613784,291.2744933711084,3,4.026649929330851,Yes,Muscle,45.70151719878003
11.841010984163988,37.23120757893133,5,0.9859815643510617,No,Tumor,49.85415650691566
4.553822469497832,205.05461428528662,2,3.038557025949522,No,Tumor,47.60678717970792
4.510641550096001,138.68756359832562,2,2.828575230311194,No,Muscle,43.47261757712156
9.77231485036428,261.7612537694765,3,0.9736601567037275,No,Fat,49.955723107540386
11.372258070867918,61.373438939741916,1,1.3475773217604363,No,Tumor,51.02606366192571
11.833412659492163,210.8615261455877,1,1.744009978930721,No,Tumor,56.81786306415316
9.065200404581406,253.05343399795197,4,1.1677242832700059,Yes,Bone,45.490575540231305
4.577489067817897,283.93812364746674,3,1.4749179300973672,No,Fat,45.80681215225838
1.0936585287141583,208.14192820399728,4,1.57040319544683,No,Fat,40.980873079934774
9.348048299536497,154.1806815624439,3,1.8426953321562385,No,Muscle,48.6031667730197
6.7450105718560796,189.17569965835202,5,3.497561811204636,Yes,Fat,46.240976377146595
5.148241910039018,261.98244549882827,2,2.787648815402403,Yes,Muscle,50.42363204507829
10.885617182627358,175.4768265252606,5,4.444986687805606,Yes,Bone,42.89812983617937
1.423250039443201,18.81224731208269,3,2.158943307869884,No,Fat,37.0
5.962238741061224,279.97512169702355,2,3.5154602953477,Yes,Tumor,53.627428947445054
0.23510837273228694,209.96275779915274,1,3.985873685506135,Yes,Bone,38.80712427269981
5.677061639730103,206.18888187540148,1,3.2159139721521677,No,Muscle,46.129068279316996
0.7700089806138645,72.54579419533798,4,2.147458961669984,No,Bone,37.38186515627133
1.513933203590056,201.0767863674706,3,3.514378522983012,Yes,Muscle,43.46286620212285
1.4985623366475482,124.22067763970595,3,1.3146685510907394,No,Bone,39.032863389047364
7.825602595181156,198.8575633420327,1,1.8102086607205297,No,Muscle,49.64984843907052
8.977934063258537,40.91197878931731,5,2.686741020397155,No,Fat,43.069867994465206
7.0420883046561995,200.77513833488044,2,2.8016375491445933,No,Tumor,50.2111443302528
11.54985332684705,299.8299804734933,5,0.5885659018905178,Yes,Muscle,59.71644240481147
4.560959896332078,23.981491269561246,5,4.280456755024035,No,Bone,37.0
3.4999738267541427,293.380513424182,1,3.28650908486956,Yes,Muscle,48.455016173970435
10.436329625454578,128.00330860963248,1,2.4828150009275642,Yes,Muscle,51.003012424729064
2.7607904783814865,262.51850059780514,1,4.232508937633233,Yes,Muscle,46.553783270022365
11.562348219343274,236.8917903768993,4,2.256382261003314,Yes,Bone,45.592908294001425
0.24463824880881446,174.43471568613367,5,4.421742281081487,No,Tumor,40.68377928377893
11.641558037820904,224.1502706828847,3,2.5491390289739404,No,Fat,49.112741071309955
0.6136029522118558,264.7695127773909,2,0.9571430799919178,No,Tumor,46.40735205737902
10.704603053007046,127.20069327879956,4,3.559203889837109,Yes,Muscle,50.22586181659345
6.379643198126968,104.83961685333922,3,3.215590900311362,Yes,Bone,39.843475564667244
11.916281073819674,203.60208181343955,5,3.591946885222347,Yes,Tumor,58.22844102489095
0.9781791203512464,244.27532316296498,1,4.305768114902724,No,Muscle,42.749640559846966
6.6908659843757174,231.06268908521858,5,3.6059572106040725,Yes,Fat,46.89187363834447
11.634700173867278,241.365958169004,2,2.9453464088665875,No,Fat,49.37761154014593
6.32486434562477,136.31916129575058,4,3.9292356094433636,No,Fat,42.396955531871804
7.589843793809624,247.17192269075628,4,3.192985757418126,No,Muscle,49.90702795976188
8.379409398916945,44.860626057476445,2,2.1324762273036924,No,Bone,40.19112023872768
5.509038670736501,167.90183840864637,3,4.0424790569670925,Yes,Tumor,48.87338144341463
7.567941153000355,11.670011544455255,3,1.3876018431374915,No,Fat,41.49787040807816
7.0533403118848925,104.12989067107839,4,3.358565099634897,Yes,Muscle,46.113220524852686
10.823780324842769,116.27384511270539,4,4.026253819763028,No,Muscle,47.51998413921783
0.6408119260633487,124.89008056668406,1,3.425266078813185,Yes,Tumor,40.688717329026154
3.443461956147541,211.68548994006002,3,3.2891016762154277,Yes,Fat,43.555482680335544
11.409896660511048,122.68184936840026,2,3.510553176287344,No,Muscle,48.65319098229803
10.694139028301905,140.1211505605339,3,2.3602209932025775,No,Tumor,51.990057112230986
5.522315358149984,78.88779795355497,1,3.996682728628104,No,Bone,38.757259279250185
7.479577913838287,118.24301957250863,4,1.3137459005443648,Yes,Bone,42.140290586957526
3.400836077475479,75.90819190631393,4,1.0095456640013571,No,Bone,39.1532938707417
2.3386418007127596,31.226817892848654,1,1.6420351204740462,No,Fat,38.265180668236546
5.618011018785787,185.0000920805996,2,2.6263095870999726,Yes,Tumor,50.40356346669603
4.304891513510028,203.78171158095472,4,2.5422471816373524,No,Tumor,47.60209865381836
7.045507731025378,189.6522003427882,5,3.7823950307063465,Yes,Muscle,48.442092937273756
1.0250421798833196,144.41327270216598,4,2.1182746256160696,No,Muscle,40.350257810539674
11.695298211227382,120.13787625197665,5,2.4373777051660346,Yes,Muscle,51.87348233957466
11.835907859307275,260.3667583758293,1,0.5534707330375825,Yes,Tumor,62.3775707272106
8.408124396834967,160.53371768950325,1,2.1389569457717563,No,Muscle,47.70841018504418
6.479546759495032,148.96274451262198,4,3.0910969318013684,Yes,Tumor,49.2418386915549
3.7833786338073003,17.43619908386635,3,0.5620333225063687,No,Tumor,41.59139629861163
9.784160734512689,108.96187001158535,5,1.623527860744975,No,Bone,41.4348124414088
8.248300953391164,120.25672944789855,2,1.3318254371575597,Yes,Muscle,48.62721251705386
2.0351415782042066,125.65860646010114,4,0.6679417156383529,No,Bone,39.550691354360964
10.940033495476726,178.24998707592636,2,2.41704035965815,Yes,Fat,49.96983053729605
9.88819319078571,164.74473855079475,4,1.226893172912626,Yes,Fat,49.872554767133394
11.402618968173895,186.29247691009894,3,3.4723261585255205,Yes,Fat,50.283107080598235
8.736062149821484,231.8161458472172,3,3.891711535053394,Yes,Tumor,55.16985850004744
7.3996408316358995,245.7658642276671,3,2.682340730676591,Yes,Tumor,54.561965500918475
5.077092131858365,218.25569210568338,3,4.426829370084566,Yes,Tumor,50.054685366000996
11.199468951912758,287.1018718269311,1,2.3019142858823813,Yes,Muscle,56.897879202239935
10.40616028505486,15.287448976144873,1,2.553472840899662,Yes,Bone,40.81197462383632
0.6381021742636539,66.77561584822837,5,4.456871015831,No,Tumor,37.296843488296325
0.41376699651729887,12.193233743661214,2,1.4261937438601953,No,Bone,37.0
4.57991406584879,197.76766710483489,4,4.270183758707621,Yes,Bone,40.38453978063693
9.74558463630381,270.4288591954962,4,0.671350220476453,No,Bone,44.798175193129545
11.848585938847839,80.60986600712678,1,2.285547561052779,No,Muscle,48.74474361146432
1.8899610041319854,278.8400179909289,4,0.7800140485322631,No,Muscle,47.23613839488942
7.170155512690408,27.477543183972646,1,3.416938971654572,No,Fat,40.82066590818931
4.632601193909156,280.98644777359914,5,2.933635743520071,No,Fat,45.92566307531764
11.641981333993778,111.97057929949398,2,3.3265370538703856,No,Bone,42.403350697893764
10.121215185314933,39.41204025027279,5,1.9979215998720679,Yes,Fat,45.506201619105305
10.07611158606254,150.90281016403443,3,1.9779277361255212,No,Bone,42.46937460853794
5.677448601560146,84.4652046389473,3,0.6812771158435784,No,Muscle,44.651096802006045
5.036352077818216,92.61314156895762,3,1.8997797581185591,No,Muscle,43.07125329477876
3.3535441559754045,99.11408982862311,5,4.217153609048237,No,Muscle,40.46051640779683
0.7708684101460327,242.8775103714724,4,2.016906148721796,Yes,Tumor,46.93448327521349
10.390196277435134,166.3567702358238,2,3.82547082488788,Yes,Bone,42.94915137625052
9.773522008647923,100.27923275524105,3,3.8693020189997362,Yes,Muscle,47.965540510242356
11.996640312104955,186.99679716016632,3,1.9929646255169353,Yes,Bone,44.62733777122388
11.959978361179473,217.68369552472615,3,3.027954721584756,No,Fat,49.40247345182198
6.709637296671266,89.0609602127248,2,0.8814864090922345,Yes,Fat,44.71290718878221
9.250950240648075,129.92923944235196,3,0.914714322937106,Yes,Muscle,49.820219269071096
11.342712185600893,45.34696706771479,2,0.6946306546468533,Yes,Bone,42.93659540536369
10.210803949061196,62.533311365057294,3,2.824060373500438,Yes,Muscle,48.102771276981905
3.0434424107440523,207.52417764984503,5,2.204283910504388,No,Fat,43.02631739445359
5.4614752101901125,62.61712083173181,5,2.6921294266569604,Yes,Muscle,42.5902583916605
1.6369970403027905,162.29738126344745,2,2.5842927620335514,No,Bone,38.584838263250866
11.453207224378795,215.6234158995055,5,1.900811964362921,Yes,Fat,51.509836520095824
7.313478149965472,40.99430769747571,2,3.2098936592938916,No,Tumor,44.30781056273579
2.8208493854912065,174.52054369238203,5,3.534007523665563,No,Fat,41.201431951345256
8.093238144429696,84.4032072733955,5,0.5585130355107029,Yes,Tumor,50.015965982376045
7.45572606144896,289.24879381889815,2,1.3289691990755133,Yes,Muscle,54.262056881586155
4.362136344590802,150.22823754877817,4,3.3529434723333473,Yes,Muscle,44.3662049431378
1.4513353471755854,243.73783943479586,5,2.0464806905353368,Yes,Bone,40.270824062454636
8.091721027554316,169.56569722531592,3,3.1499357877664327,No,Tumor,49.965033082834786
6.29166164075514,22.58963452789756,4,1.8878506389382337,No,Muscle,41.63406374023821
9.290588861654108,193.6138989222665,2,2.0630206093185484,Yes,Tumor,54.474669940739986
6.2899456632327215,285.90696923993056,4,1.1347154947587397,Yes,Muscle,53.126549022589835
10.240959853790628,184.46742784243605,1,1.53292407866464,No,Fat,47.4872651231246
6.667691381416378,247.56476923376917,1,2.921647030030349,Yes,Muscle,50.15559626727925
6.775161861271097,266.41987437103825,5,2.2326524452606655,No,Bone,42.38082597520133
10.532177871634305,76.14313386519042,5,3.5972107317783806,Yes,Fat,45.32120708076112
4.901446107927525,71.49300357338572,3,3.910339819753371,No,Bone,37.874997325850735
1.6947812185626248,187.1844867667876,4,2.6665856728670394,No,Fat,40.67532406257338
0.44251384812873384,129.19825624394437,1,3.5330691682242366,No,Tumor,40.20848513672895
9.086133342516066,253.5597778313489,5,1.72761805277828,No,Bone,44.11407949239858
7.48168366110623,271.00670578542326,4,2.159884861600313,No,Muscle,50.057788971351904
8.47854924038076,112.49219999778825,5,3.351110704867324,Yes,Tumor,49.92963016436158
2.634273521956038,78.69246210259979,5,2.0448479712681227,No,Muscle,40.29548835406212
1.7228205594825603,236.35239942071993,1,2.8540197406359553,Yes,Fat,43.171406858335324
0.27308152144779496,89.69375030895947,1,1.241491116330046,No,Fat,39.03744743985288
4.271991949798504,248.55815236896674,5,2.899085259881992,No,Muscle,47.01821153595951
7.120020473570134,132.88409355814122,2,3.9460548289075743,Yes,Muscle,47.58563647502274
4.767704136686814,203.58947079452642,5,3.9745585592937025,Yes,Tumor,48.05760792142053
5.3059515720823756,37.705241012053776,5,3.3973776253181587,Yes,Muscle,41.38434582756956
10.859488464475605,190.91920415620618,3,3.483013516304504,Yes,Bone,44.54893711470797
4.244240057577274,141.01262683379645,3,2.731709780602803,No,Bone,38.6657914329443
6.2164749210017485,180.1164543208875,3,2.838672360663299,Yes,Muscle,48.66137182657772
9.425470851619602,58.72412024601039,2,1.034602325642072,No,Bone,41.56050280079103
4.818859109623115,223.69338603381283,2,2.2754367536852045,Yes,Muscle,48.41333205362436
7.5028317327116945,260.2111524875363,5,2.3031051355454553,Yes,Tumor,55.197476449236866
10.362128134086268,72.85454202632494,3,4.333991342670961,No,Bone,39.9749156971294
11.399295421525942,37.757221100846905,2,2.2243474504931577,No,Bone,42.06038332978744
1.8501744230555517,16.855189953437556,1,2.6973705796110305,Yes,Muscle,37.85893897939298
11.126392739421783,196.17173512854714,5,2.63300559711641,No,Bone,43.191849790114084
5.956183887646504,186.05727046574643,4,3.0470468681773086,No,Fat,44.0878864479287
3.1731082207576047,168.5422496870803,5,3.4929313253275835,No,Tumor,44.321832031835484
5.563715499235309,77.26465787363287,4,1.4001675046834885,No,Tumor,45.0883003797374
11.762387645897176,123.36273881259926,3,2.614897676393743,No,Bone,42.23468038414251
5.962155318515148,182.3981372039902,4,3.8036708292641217,No,Bone,40.10587839438996
4.012144162421348,154.0623890691591,3,2.352458855350046,No,Fat,41.91833531521688
7.637470166369036,296.4578008623173,1,1.613830185494292,No,Fat,47.92408097290687
2.957732863460498,49.56752824145261,4,3.1188363014251963,Yes,Bone,37.70714795304982
1.0027736044931006,211.5919206738022,5,3.795069583196492,No,Bone,37.854576045588814
1.633668690736726,127.25244275024471,3,0.7525611717095653,Yes,Fat,41.34741202076938
1.6237454835974923,134.17788832842828,5,3.6071619336289085,No,Muscle,40.69283772324441
1.907642052796303,218.1033520408711,2,3.7865917318470848,No,Fat,40.73690230526982
1.7520433545279808,210.8064838840672,3,2.346091710354427,No,Muscle,43.735252148164385
7.726409463158253,297.4642381736346,4,4.433222627273869,No,Tumor,53.27337583530997
2.2643730043498236,47.23434394169632,3,3.6468333628292364,Yes,Tumor,39.19314373252033
4.213440671553972,40.19179832140824,5,3.594650259582663,Yes,Fat,40.25040166952238
10.771782077881541,220.05825696733493,1,3.491354297648287,No,Muscle,51.20131648222253
5.740143519128181,177.73220593185863,3,1.102432412873096,Yes,Fat,45.76955111400288
8.043937088400224,89.5065933023437,4,1.3689235458120432,No,Fat,43.806353646470626
2.1506064672993954,33.031617006806115,2,2.3559605258577,No,Muscle,38.8653830026337
2.3882393238231825,34.84089238296485,1,1.5560173998378635,Yes,Fat,38.760637859407346
0.5863365335710985,269.3153536525943,2,2.160963889336162,Yes,Tumor,47.88391452172742
2.1103272505587585,65.64152416843544,3,4.053856439691683,No,Bone,37.0
3.415225034480308,103.77775301350103,5,3.797307567517077,No,Bone,38.26160824598195
2.2064247628932874,75.73035664582653,5,3.020159513919929,Yes,Fat,38.68796605975535
1.155560151708962,112.94892869126181,4,3.932481577004414,No,Muscle,38.707757755434876
1.5355668660971498,30.132914396367077,5,3.635089556068997,Yes,Muscle,37.335441393831786
5.583267339589437,160.5273393633984,1,2.215939727363562,No,Tumor,47.40012250841088
2.555371249028931,29.607643441742322,5,1.3042606081997805,No,Muscle,39.26368425097964
4.434811346472098,242.10338726848485,4,2.5568041600373568,Yes,Muscle,49.461090270509544
6.090665523172797,77.77650375402558,3,3.4449155301142005,Yes,Tumor,46.54290331886951
8.315698460689447,166.60345523530808,3,2.245678394918372,Yes,Fat,47.25586868292275
0.5678144641090773,265.22293539282293,5,3.167087639135589,No,Bone,39.500396785880255
9.612983747017607,198.7544370236863,2,0.8773097051641745,No,Tumor,53.91622348450138
7.5720146349418025,164.55775809988722,3,3.4920189454856136,No,Fat,43.88609515085677
1.0729324801915758,104.05678840345892,5,3.750854479572248,No,Tumor,39.58146987716598
10.49558562687065,106.5705547868774,4,3.3273514231221646,Yes,Fat,46.94372845787824
11.058381566328578,204.15121700747514,5,4.369054350105462,No,Tumor,54.19331399846789
0.8268277222728786,298.30041475413856,3,3.8066082298425616,No,Fat,42.868844344439346
3.3948440129517246,201.9333650563198,4,4.112374911506153,No,Tumor,44.864698011849995
9.69379522953743,171.75719103730722,5,4.234284333830592,Yes,Fat,47.11069925112683
9.004290315565534,221.88864796938137,1,3.7053919674952343,No,Tumor,51.901842661264965
2.2958001303408904,144.90962756227827,4,3.1970353680259964,No,Bone,38.756070674233065
2.5912569477068526,27.441279354227714,1,0.5228743254431572,Yes,Bone,38.3356591861127
4.508618023217445,173.06607660459383,2,2.3633030128924988,No,Muscle,44.8129126650456
5.8658235237731535,287.71133250656027,4,2.784649194489444,No,Fat,46.64969550778245
7.457231781210521,60.837853283721294,1,1.7161210897919985,Yes,Tumor,48.857352312259096
4.490072310880292,210.10141833799307,3,1.7724177876138882,No,Fat,44.31914540729313
5.60416312198446,68.27076971112638,3,4.344637662840661,No,Bone,37.843843937733006
8.994904163791702,165.39002849719355,2,4.066843460810984,No,Fat,44.50916875689462
0.536530114398115,38.03617039754869,4,3.896716022006817,Yes,Tumor,37.48649402273812
3.103999637693847,140.60757151487368,4,2.1240472068244425,No,Fat,41.26237854568304
8.588860072026174,229.28736537962135,4,0.5547942016356582,No,Tumor,54.860294496444325
10.752961368477672,110.7957420293048,2,0.8208889858228563,Yes,Bone,44.42559591187848
6.188961561176427,202.82440010129324,4,1.7487854728704146,Yes,Bone,42.46705478489047
6.432150474657256,240.68048862902145,3,0.5629716519827079,No,Bone,42.6099815794991
1.3753469349433352,278.88156764904124,1,0.5685991276607925,No,Muscle,46.37212744120521
5.42420716519911,78.04620373808153,3,4.1664132065696435,No,Bone,37.865776944960395
6.438145470814775,125.80161558469936,3,3.3246340084762163,No,Fat,42.675661444916216
2.985398993253283,54.20064386582106,1,1.7358239602726107,Yes,Muscle,41.33793563796614
3.3039944482976336,297.8202156259288,3,1.0305783104038126,No,Bone,41.67432090363065
4.589681540945009,278.83028069804567,2,2.5465428715803085,Yes,Fat,47.073891877847636
0.33884725355494383,166.58756778136228,1,0.5213846434174578,Yes,Fat,41.86939008701291
3.9327420704398217,254.18965536916218,3,4.2536549754325765,No,Fat,43.70317725901945
2.6162312832588817,161.07781340889224,5,2.159260477555789,No,Tumor,43.78335791363127
3.9972184909171844,190.83984952080033,3,2.109339820949331,Yes,Muscle,46.62322664190688
1.5251693686490897,35.84608531364482,2,2.0623744303271287,Yes,Fat,38.49618216646445
10.69727464080475,229.0284219440743,4,0.777313321551059,No,Tumor,56.4689853284852
7.1637501972931785,47.0369102542181,3,3.0532889591673062,Yes,Bone,39.64037637104068
8.181317597819426,249.55961277323323,4,3.4320144785134135,No,Fat,47.27661586610891
9.491137739427325,236.7881454244119,5,3.204501590353161,No,Tumor,53.57437351547291
6.031462167255781,215.53596234546316,3,1.0537419733175772,Yes,Fat,46.69866488795071
1.134351428240342,20.486510352181014,1,2.8153606721423703,Yes,Muscle,37.111382806121206
6.491567847640718,97.9072232241453,4,2.7779379366890153,No,Muscle,44.32688307426919
7.083409304448462,86.30264527414442,5,3.973643151765528,Yes,Bone,40.18577375954633
8.970729742793527,114.43955816674054,1,2.016510633502588,No,Fat,45.207769460378735
5.236748600133184,35.41639656151318,1,1.9859437746377369,No,Tumor,43.07344092706561
1.618205603267209,281.7177686790082,1,2.9741082348727423,No,Bone,40.587618682773304
3.4769332790048213,170.6026498065891,1,3.032290613998052,Yes,Fat,42.63240871875977
4.420679327143757,98.60205009082682,3,2.3771409093031615,No,Bone,38.98287618223216
7.786415171846055,125.12463995154219,3,2.2722374493216844,No,Tumor,49.065340071516204
6.892261825560051,139.68873674640233,3,2.4765906825515307,No,Bone,40.22683165347486
4.33755103818437,184.17235667457902,5,3.9441811980132475,No,Bone,39.51962774310262
11.839531460636458,159.54703403198437,5,2.34466760501564,No,Bone,43.02751057318998
7.308720350346957,276.62367223218104,5,4.25972716787929,No,Fat,46.78551512638696
2.9229988216583345,154.1194100426908,2,2.516015054385304,No,Tumor,44.18835426406663
1.3112114241828046,297.7258242987607,5,4.296802772723566,No,Muscle,44.536820921244455
1.9190237562935513,256.91323774607775,3,3.831327607476303,No,Fat,42.94037020091012
3.026896967775647,70.46804916362738,3,1.9497252904633164,No,Muscle,40.237996459849455
2.0121083417887125,279.87261224673574,2,3.954565685186464,No,Muscle,44.92066425318747
2.3201475862105387,43.746255386788064,2,0.9402531368044609,Yes,Fat,39.49227651553587
3.4926325074567806,247.06041546244555,5,4.200188701372058,No,Fat,43.13699668206155
2.1631457840075825,120.38075510820822,4,3.0265740603315665,No,Tumor,42.625692509100325
10.77150855305446,264.61255292907015,2,0.7175629940892447,No,Tumor,57.48664674232172
1.0547815733735424,261.73644013116063,1,3.077026894603246,Yes,Bone,39.73562783477976
6.341685535886031,243.71836603411015,3,4.396990616579025,No,Muscle,47.05714262310051
4.983722241176972,239.1088265290478,1,0.7792026184585157,Yes,Tumor,52.528239637880894
11.790305541212415,98.35695033843183,3,2.718750839120345,No,Bone,42.175433578631186
1.433262935799823,33.46659208486313,3,3.4911773990374897,No,Tumor,37.703826364611025
4.834481628644325,126.86425184189682,2,3.7410343467981253,Yes,Fat,42.98084791174515
11.63669815597689,60.322109346087515,2,2.1553098612831834,No,Tumor,51.095979646006214
10.399534798138365,211.5358157817139,1,1.316666236672972,Yes,Muscle,54.79268301416534
9.823157644296431,110.36892069595781,3,0.6693691150895353,Yes,Tumor,54.37378909662203
3.1690436418347843,292.92695824937533,1,2.818904628388899,No,Muscle,47.27824463076428
2.1335622899417834,195.88190243014628,4,2.311644281070443,No,Fat,42.29368597184438
8.05685431710073,248.51936345396467,1,4.294977580598844,No,Muscle,49.45167144940779
11.15957427061827,48.432155095136046,5,0.7424196308596391,No,Tumor,50.606808142694355
6.725478426865764,259.98419985906054,1,3.241581373784023,Yes,Bone,43.17797231887455
6.902191004691808,277.59958524888435,5,0.5998648884802287,Yes,Fat,49.85810095369976
3.431751214557382,151.2479564574914,5,1.185736706842171,No,Tumor,44.941064420951214
9.25696590498405,185.81335194778345,5,2.3143159996913365,Yes,Fat,48.35236509568597
2.3258206078345283,231.79484226186867,4,2.319489771211473,Yes,Fat,44.15793272685651
3.9517829132105,60.70320190551964,1,3.2428021717345756,No,Tumor,41.5364642722149
5.16269361953536,155.7441621743983,1,4.1408521394710265,Yes,Tumor,46.949228228152684
6.140563506345015,125.6122780539708,4,3.0561286356596833,Yes,Bone,40.444523009575384
2.984675815739455,52.448457727052244,3,4.314140391406035,No,Fat,37.73204421450479
1.4665582143965221,116.58498246454411,2,4.026462559511991,Yes,Fat,38.991236325047026
7.366378505055428,29.769969721793135,1,2.837999182123161,No,Tumor,44.520974325741186
3.5347035835590437,17.485453015351226,2,3.835167803675309,Yes,Muscle,39.24306887057216
7.016734834929086,49.1982238548986,4,3.070310441294536,No,Tumor,44.30700283533322
1.9369163117630077,289.30338236086044,3,0.8142313236949086,Yes,Fat,46.49244974028758
5.825567212072328,169.36356540955492,3,3.46225889303804,Yes,Tumor,49.62230599739391
6.437814247363872,290.08842673443377,3,0.8796337650693848,No,Bone,43.84868332650803
0.7167000881868802,135.42438471573826,4,2.8763311222788497,No,Muscle,40.24786305625425
4.1055909105076545,100.42667859472527,5,3.3105608234329154,No,Tumor,43.4567546956834
1.6995346555737936,156.78114022367077,5,0.766110432843421,No,Bone,39.217783578825426
0.8541621486259362,137.45838970354393,2,1.423178615706127,Yes,Fat,41.06908317944912
11.880526765440349,40.64275843590573,5,4.162688929046599,Yes,Tumor,50.62458673545627
3.9360107551992036,195.83963126015982,5,2.9652579689315854,Yes,Fat,43.60795529207505
9.737505905670155,72.65107292778389,3,1.4851440752421263,No,Bone,41.65907297344896
3.13022379168879,189.6805069203706,3,3.2627190845920264,Yes,Fat,42.011759789495464
8.209882394464758,198.5583167954645,2,2.8871056798467585,Yes,Bone,43.01172981923952
9.14671153268727,54.08720740730795,1,2.5063027996717935,No,Bone,40.81625899979814
7.1881010132333465,27.791391862093768,2,4.404747899952335,No,Bone,37.35029805533661
5.7117566437468845,236.42085995984755,2,3.2338151096300356,Yes,Tumor,52.377140017911884
5.000906878352495,143.34212289310284,4,2.0017644386716507,No,Fat,42.560290191234294
4.251532371861644,26.867500696587978,4,3.700293728307472,Yes,Fat,39.1243802983399
11.161396816549127,298.5112319792325,2,4.0383331716847515,Yes,Muscle,56.206253502598834
9.984370952673977,26.756362688946325,2,1.0008822380673257,No,Muscle,46.4172627888862
11.5838202369315,211.56021636898043,2,1.302211911381066,Yes,Muscle,55.916733285590794
1.5791369594779825,295.26688832638996,5,1.3649080365111188,No,Muscle,46.71908923716821
8.797322954923366,79.36223022261842,4,3.2648472375461615,No,Fat,43.27826525056249
11.26625143617035,51.25231691928689,2,2.9121582202131333,Yes,Bone,41.77675051831061
2.256673487371356,45.20163243250438,3,2.9759662587943527,Yes,Bone,37.13425612215032
0.8913055816646522,97.94979279460271,3,4.263093198758003,Yes,Tumor,39.86665562085311
8.919335726551703,39.30328519308754,5,3.603646131229224,No,Bone,39.71716923577621
6.936230046840952,210.72678909129826,5,1.0117476980471327,Yes,Fat,48.17253987174631
10.117762443423437,28.064621457718182,1,1.890028329700724,No,Fat,43.311291859806865
1.7632912818528452,157.732417163439,1,2.2415745847029425,No,Fat,40.70099400066065
9.563681011132694,299.0420876173633,1,2.0838463549904196,Yes,Tumor,59.75475484451253
2.49936510856816,246.05137815674544,5,3.1772344366475167,No,Muscle,44.990600888387526
2.0475057201018836,188.41363708699316,5,4.06757241302625,Yes,Bone,38.56318730073617
2.054762995378816,98.81355002811739,5,1.724205854091152,Yes,Fat,40.574895731728695
9.793439170753446,190.92979252457516,3,2.7075085456847425,Yes,Fat,48.64124967532547
8.015846926284782,162.84202453437896,5,3.6576376876543426,Yes,Muscle,47.968230329241926
6.3244785547525195,133.56418132820772,3,2.1648722353813974,Yes,Fat,44.996500021119985
4.370082761069679,47.906009254657846,1,1.1724725135971834,Yes,Bone,39.374298091592514
10.538686435675988,267.11522241973535,1,2.399803861054993,Yes,Tumor,60.218127362959905
4.770096778329361,140.43754815818352,1,0.7208900829721139,No,Fat,42.706313154939224
9.817533329711768,66.44052842802188,2,4.269533816009107,Yes,Bone,40.54834379953675
5.325705411985599,116.65021175441399,2,0.7992848207798922,No,Fat,43.06798031788369
4.5856387101564,130.09762823338883,4,2.2538268610023127,No,Muscle,43.78579008603636
5.605889449468316,249.98598971439355,4,2.6195250443541047,No,Fat,44.934114208487365
3.686396702553291,222.7481703628066,4,4.441215329149141,Yes,Fat,43.75307191694762
8.996551624097387,233.09841915598855,2,1.164087294571443,No,Tumor,55.17403142941031
6.082372642100502,13.199066684307692,2,0.9577260744494343,No,Muscle,42.48528667233623
2.863331072247126,130.68465947213082,4,0.5348245882501743,Yes,Muscle,44.18842261934359
10.804937421967365,149.58980397424386,4,1.1222857474772092,Yes,Tumor,55.38839575132068
4.668305534341216,15.56576027868644,5,1.3290919162706705,No,Fat,39.62760463622894
6.568279047256464,85.34583053605992,4,3.022323766332369,Yes,Bone,40.03556776357372
10.887018120478109,230.48404870541916,5,1.3788271615656016,Yes,Muscle,55.18055654975531
7.528432151376506,49.76181466140972,3,0.5820832589173008,Yes,Muscle,46.56996249765133
1.4910866844295325,165.23993812125158,2,3.8064733820099548,Yes,Fat,40.72483931803568
11.284002271000354,72.40854288499888,4,1.962382804015867,No,Fat,46.7618084170095
7.5697258315498726,13.51502464672905,2,1.9147867463229358,Yes,Muscle,43.759719163602796
4.085376814419325,79.94842270386702,2,1.7099161166717063,Yes,Fat,41.5765646435196
1.7573376646943084,293.0033889239156,2,4.401493108585683,Yes,Bone,39.76943788625172
9.548899752316522,242.445762446067,3,1.180461669237126,No,Muscle,51.27012933908847
7.478865795549311,288.2772268530997,1,4.092952255812941,No,Bone,42.52296504908719
6.448186994518226,151.4776727386451,4,3.607213328559552,Yes,Bone,40.984244780456024
10.737321738306395,41.82349761647602,1,0.8059198219972523,Yes,Fat,46.21944286647577
9.484306813571916,168.90825180237096,1,4.446916406003394,No,Bone,41.17062384737826
1.9049310688197392,141.76942702238864,1,1.5854638541560422,Yes,Fat,41.28713375873682
3.8094926067670243,254.86355399448863,2,0.8943317080896493,Yes,Tumor,51.54845894618536
3.0570207637921425,38.44394842743093,5,3.8172569365030378,No,Fat,37.70524170518035
8.952960881614857,151.58992973631567,2,3.3267021347107995,Yes,Bone,41.89343619239894
0.49903597335577465,53.51411276125543,2,2.968875223511603,Yes,Tumor,37.767301849188904
6.8816872499686665,104.15601879811739,1,1.1239234547957326,No,Fat,43.50483102067711
9.173258360314218,223.8335524424619,2,2.4139844650238476,No,Bone,43.20623040846535
10.53351107746482,148.04525751694229,1,3.6222241075488553,Yes,Muscle,49.726722814587355
4.170772809719298,119.00760269227311,5,1.714495752575361,No,Muscle,43.204174453376424
9.872961925596952,124.39812078531024,4,1.7467593140601658,Yes,Fat,47.12507226901767
1.4165176697669661,143.23956283773612,1,0.5125636241924885,Yes,Fat,41.398129315882954
10.172782271640767,237.6547977127465,5,1.1969736065815182,Yes,Muscle,54.79947465865554
1.6171150817505908,268.70455979266796,4,4.001622500487337,No,Bone,39.351560799396125
4.827718757668371,287.0470590861392,3,2.2669859665508283,No,Bone,42.03222300262968
9.587814852776688,238.2019820140356,1,4.436937996937736,Yes,Bone,42.98289137397212
1.884017385450408,101.4679997669237,1,2.0828318542951703,Yes,Fat,40.39946268352116
2.828091603268434,209.55906476509722,3,3.360745819120965,No,Tumor,45.22097617685664
8.69480556387749,136.90490597606367,3,1.6276761716189165,No,Tumor,50.048478418784185
8.668434784898285,83.85448039335485,1,1.955238564563734,No,Tumor,48.32132443747049
7.729656831335038,253.85275803351755,3,1.2629039503635786,Yes,Tumor,56.48014302260469
8.35798648915849,21.14364119907425,2,1.88824947399758,No,Tumor,45.410166942606104
6.558420875836394,271.51097771927283,4,2.6889500816825724,No,Fat,45.45049163481555
3.096408800992738,143.8284647411729,4,4.467091523916998,Yes,Fat,40.49904084509301
4.213782322696641,194.78842827440133,4,3.1568068522871426,Yes,Tumor,48.468429738473255
2.2610128299369654,201.212637439677,2,1.2969838176332562,Yes,Fat,43.92284034741895
10.910561679870177,269.5841448048956,3,0.6798457663662045,No,Fat,50.885997761992925
7.042362357716834,194.63420782849013,5,1.0054259252580424,Yes,Tumor,53.00962027839872
4.870131859487315,188.04073958041792,3,2.7502208050921895,Yes,Bone,42.03114791427131
5.597869063365179,29.32909176260009,1,3.5606413152670653,Yes,Fat,40.159139279351756
11.372671741380602,160.33832636410918,4,4.261676829202988,Yes,Bone,43.339080733139994
1.9248816970813545,53.54901023694208,3,0.5632926879872833,No,Fat,38.79909461662206
7.076135000999887,223.85579292923083,5,2.591040566247479,Yes,Fat,47.0467681862426
6.120075278725145,158.5443570356756,1,2.383469424892707,No,Tumor,48.146126743956735
7.376305401672309,207.26605597042246,2,3.124220087902816,No,Fat,45.82861769006666
0.31551118746800205,22.085141174691437,2,2.738315417861368,No,Muscle,37.0
10.478274516435402,34.58968465328293,5,3.248156602329922,Yes,Muscle,46.35001000699873
11.192207561554987,217.73378253817785,1,3.1323303389967614,No,Tumor,54.97957919869525
6.825084884711586,30.904457439615275,4,0.9680468994317848,Yes,Bone,40.56001753932437
8.390144804135018,30.664451051924992,3,3.6988716544748783,Yes,Bone,39.69106593967218
11.077742636009818,13.51145781811736,1,0.9929303028652994,Yes,Bone,42.144690413794024
8.516139748329444,287.3854055068492,2,3.2941225008365485,No,Muscle,51.24846079049567
1.91521461067971,223.87742424311202,5,2.164581470562427,Yes,Bone,40.25434950916933
6.957831485985077,112.4429084655986,5,2.5554029383063916,Yes,Bone,40.562340912550276
7.319909051955985,95.99531857342002,3,4.113192057502842,Yes,Tumor,47.89988540522594
5.147154988498394,111.41393662629638,5,4.059534905893946,No,Bone,38.59082717604344
8.863686403934201,234.64952404254274,5,3.771425222620118,No,Muscle,49.69367492779605
11.218967475751276,201.79747721042017,1,2.540593521825293,No,Muscle,51.423779834284716
11.114265303590638,63.7067146815657,4,3.4449592405353324,Yes,Muscle,48.56210127879509
5.464988519709172,60.49170724688446,3,2.5515882220752375,No,Tumor,43.61306270044341
1.4475327455049876,38.53473841688522,1,3.9784243298991098,Yes,Tumor,38.697591872762494
11.81961026765178,201.48778871338806,4,2.1111033329315996,Yes,Fat,51.342853010277075
10.082887228706616,231.66807204430341,1,4.380941377659507,No,Bone,42.11723185820719
1.5834859063188755,86.86346421425117,1,4.22929103291551,Yes,Tumor,39.762956797286456
11.05801840314673,16.074038698964713,5,3.466410477807142,No,Muscle,45.02991899698687
10.451766708539326,33.82978356816393,4,1.617663536704288,Yes,Muscle,47.93389974191609
6.274172879800258,290.6794101050588,3,1.0266143551730336,No,Tumor,53.29961628076623
7.1361776853646575,95.67898546845187,3,3.91881380037279,Yes,Tumor,47.66288390138898
4.84813217605455,233.07471287305876,4,1.161209144551845,Yes,Tumor,50.91654128655405
0.7516635019821729,191.1524349677365,5,3.917043155989343,Yes,Fat,40.76202601486706
4.088847175586221,120.7624954993398,2,2.463060026849442,Yes,Muscle,44.03057790047148
9.653956038316336,69.64930603671098,1,2.126227135232417,Yes,Fat,46.14515715845876
0.15512107375477402,45.202061266227865,5,4.112763115337716,No,Fat,37.0
4.0686401431246155,188.3537607312713,4,2.9154039301611117,Yes,Bone,40.33190217448313
4.838207453732225,234.6437963849585,1,2.806456028518871,No,Muscle,47.01554621517184
6.495007674961282,196.7322335269279,3,2.7350637784975906,No,Muscle,47.03920865528872
11.04628183531185,163.78761864225592,2,1.9846780640781256,No,Tumor,52.86180911183343
4.221517332954939,22.165854795174518,3,3.642572414116509,Yes,Tumor,41.03878024347191
4.228743102565109,290.8617455023713,4,1.511193776063092,Yes,Bone,43.04932203162721
8.876264852506006,241.62711557982664,1,4.2555798401651,Yes,Fat,48.46519639033792
5.481393496588705,94.91839064327978,4,4.075940820187843,No,Tumor,44.55198247947126
2.7727973929857854,294.1913955140667,1,1.8499213026995927,Yes,Tumor,51.603300115843815
5.484030241979052,184.54566099453342,5,3.417855079326655,Yes,Muscle,46.58514961668772
1.7761985425196185,178.90257088010148,2,2.792892777798366,No,Muscle,42.67568615023817
2.1990051394240577,226.9412220345643,5,1.8505972079969384,No,Tumor,46.57946824707871
6.030576495599809,245.4132385461399,5,4.4540865919817865,No,Muscle,46.663399315622186
5.08521284910412,200.37879612613577,4,0.6009493833930568,No,Bone,41.290962986963194
10.98666622271039,47.147766446198005,2,1.5105841224851466,No,Tumor,49.26563361541177
4.412487399487934,108.09757673840454,1,2.5802962444446016,No,Muscle,43.00050893529321
7.009001368308717,279.14425569455443,1,2.5878120139142555,Yes,Bone,43.76906855702506
7.623945026242412,75.13852743471706,3,2.8557322997822565,No,Muscle,44.43472397437249
0.25582403340117027,117.92843691287887,1,3.506704688091677,Yes,Muscle,38.69387426689906
7.996094726998856,135.30229605381683,4,2.9939113220771856,Yes,Muscle,48.492828054661146
2.218628005750042,137.42744701139114,5,2.901125842112148,Yes,Tumor,42.89828331840276
11.536736777886516,187.7524789234124,5,0.7140578516521732,No,Fat,49.121924256821806
1.8690864602620443,283.4919929459652,5,2.0061211511571932,Yes,Muscle,47.67869109595821
5.0340270723515825,79.80088643142643,2,1.428222958804624,No,Bone,39.156339125731094
1.1156610501358621,45.23539912726624,1,1.5614804464079017,No,Tumor,39.14215174666375
11.962803596966774,67.26644205938183,4,2.7173498973613794,Yes,Tumor,52.66454523885368
6.076120622941787,267.2082210606882,2,1.2980212597184337,No,Bone,42.473136603276544
7.185081706108521,197.28513567000974,3,1.6757964040675901,Yes,Muscle,50.752011729854885
0.898210080922287,92.91296887935644,4,1.4483388340693604,Yes,Fat,39.500684664871876
9.024529597750215,246.624612300899,4,4.2940117728727785,No,Muscle,50.15202237449835
2.5978765578374707,259.79729894539645,4,4.278662928684381,Yes,Bone,40.66599060209943
10.786846044344493,255.48915822018063,5,2.939766234384207,Yes,Tumor,58.16293461696044
2.5411617217358855,276.4886947554708,4,4.1980898749276,Yes,Fat,44.47022901187987
2.3691838758976322,83.14989585027486,1,3.6432505818734926,No,Tumor,40.061754413657496
0.5349410473923291,228.9621593364207,4,2.859791531207235,Yes,Bone,39.25884520554489
5.717596646808991,143.5564542095006,5,0.5257408459871828,No,Muscle,46.31206253188704
6.821609485825135,254.17958033811786,4,3.590065144317616,No,Fat,45.712613361954574
0.8819328091973931,221.26229637686782,3,3.3099533663538754,Yes,Tumor,45.507456029395776
9.328778638670626,235.16975948492015,3,2.961014613129656,Yes,Tumor,56.52942515702037
5.494137133501528,200.28693292751075,5,3.541697246729887,No,Tumor,48.086262947407725
6.340244204998203,61.454343146214995,1,2.551688659099063,No,Muscle,42.82274824661928
5.345076688564915,168.0578064801121,1,3.3163330852853563,Yes,Fat,43.64834579014837
4.869080424416379,295.55422446210736,2,4.240688346905973,Yes,Muscle,49.39557894677107
6.759719942567792,281.8425392841645,5,2.003220063384345,No,Muscle,50.295962436613365
1.947358926575479,22.520383381133385,4,3.3324873396025017,No,Muscle,38.163637488700246
2.2649447528937263,57.796296561536764,5,2.402751272043835,No,Bone,38.03328138364434
10.355248890060857,48.20134430182296,2,3.197598607255926,No,Bone,40.20300460955742
11.35877399939023,220.5341738957357,5,3.5515733422174565,No,Bone,43.31261997376415
4.5423808637290595,247.15774565851407,5,0.6818100017431838,Yes,Fat,47.05846994471832
3.32186161040829,71.91829623009485,2,3.0864017757946476,No,Muscle,40.347489918341125
7.763594564544287,156.6972809560304,1,1.4069647376277783,No,Muscle,47.94753979321121
4.963936636067347,253.803878123248,4,3.180130151230267,Yes,Bone,42.24988202235497
0.4020976323581039,222.51244798221268,2,2.373320743735254,Yes,Muscle,42.508402545908865
1.9582159086576654,167.248789592636,3,3.594210967459549,No,Muscle,41.76993089145003
8.62006952328403,181.20083023304414,1,0.9936032608223857,No,Tumor,52.077174605356255
7.941194908730801,157.4245586057212,3,3.0052894066247804,Yes,Muscle,48.56513519276625
0.42244231079145356,96.28905088245797,1,1.6138829157102093,No,Tumor,40.272016449261955
2.7414687270020983,173.85637792911467,4,3.911927981322366,No,Muscle,42.92258616994382
2.84979007939805,209.7767375945263,4,4.21353402254523,Yes,Fat,42.89694498743994
8.095523648824868,263.26364559963423,5,4.485593174716222,No,Bone,41.69316377825153
0.33455539927693345,194.52449265398195,3,3.684029609709133,Yes,Tumor,42.82801177589575
1.3388921256164288,230.72524574251582,1,3.514936281712018,Yes,Bone,38.361427623793816
9.619001415940954,56.42077413682617,4,1.3620030354702042,Yes,Tumor,50.53842438521369
2.2246814784465703,143.85166758173906,2,1.844028235960435,Yes,Tumor,44.84370293565615
7.867678683437309,12.706169749857056,4,2.362730167049118,No,Tumor,44.496131584838466
2.934375094456046,81.53687071127068,2,3.593524191128999,Yes,Fat,39.89746417869847
1.2833525738362075,220.6738973827714,1,4.1598634603118745,No,Muscle,41.75124006741561
2.993749072893504,297.6248858913154,4,1.2565564000919385,No,Tumor,50.12531546817516
8.694976489082343,38.76164888029261,4,4.1894699386804115,No,Fat,41.57686029822291
10.2827879704648,126.43335159977359,1,3.282498609416232,No,Tumor,50.64346902634167
9.9796163883472,242.02058092275627,4,2.9430829227401545,No,Muscle,51.94359508873264
4.826484002459612,69.17033404238066,2,1.299365085127758,Yes,Tumor,45.03658901969323
8.05021312519069,170.974635297663,4,0.7221001312366022,Yes,Fat,47.833299342822414
2.5393131154482695,222.59067584860568,3,2.7738595940317596,Yes,Muscle,45.268574242922575
3.588457990106058,188.63578057545192,5,3.1060627333155697,Yes,Fat,43.84538490826953
10.766396240401326,64.52717303847068,2,1.343125797418753,No,Muscle,47.24721784003261
0.2547228897777588,113.06152491886444,3,2.7258248233018256,Yes,Muscle,39.30756613350074
1.1175515171681702,237.29961750076518,1,3.9259736110502943,No,Bone,39.38438310544597
2.573846436237725,170.72568909828482,2,3.84026378182008,No,Bone,38.60225528291781
0.41573322609845464,11.516587927444693,5,4.209420722345189,Yes,Bone,37.0
2.259081677568588,230.68732040814723,5,1.9635432382275217,Yes,Muscle,46.12741296963857
7.038194575539337,20.24029293266933,1,1.7721982902036748,Yes,Tumor,45.13751562116703
5.1149521520507255,226.26279699205733,1,3.4977040239232347,Yes,Fat,45.354000266581835
10.722793361816,68.71936244791885,2,2.22444962038802,No,Fat,44.89505981142644
9.827578384687447,287.84130923462027,4,0.8501946561111224,No,Fat,50.545782504721174
4.167626485204724,116.7028178776045,1,1.631204522681999,Yes,Bone,39.5886510466224
3.1871388578323807,104.81016873804293,4,2.1743291421259565,No,Muscle,41.867273352022586
4.618339657190476,53.177534596408954,3,1.670065701905008,No,Bone,39.28052831349337
7.124509815926212,98.62522249216232,5,1.8288222837892865,No,Tumor,47.06615599059636
3.2899573257922277,264.22872093017816,4,1.675103624697563,Yes,Muscle,48.77477388678989
7.527372003404695,298.93695791190174,5,0.6659966687323178,No,Fat,49.31873534103546
4.9719986610757605,116.80976384698602,4,3.04837880329777,Yes,Bone,39.51585439542213
6.669361452138564,140.09708297681735,3,2.889169681413877,Yes,Bone,40.711157149400634
5.289905696710268,219.40057207879374,1,3.1135339939147224,No,Tumor,48.376042955446565
3.6041425385488206,266.9967763348716,3,1.2692395841345099,No,Tumor,49.859971166869286
11.386594352849665,181.9828569141674,1,1.682618166449941,Yes,Bone,44.99973790670504
9.186908950501154,123.54245247157051,1,2.978463707779689,No,Tumor,50.092348939602644
1.7673467916207855,129.66033384610088,5,2.8985102738396855,No,Fat,39.96157958285113
10.434768913185163,211.72926248407398,3,2.5253212374170713,Yes,Tumor,57.525895707817305
5.9004312591692125,10.933296445240817,4,1.9016530000407896,Yes,Tumor,43.74521461738155
10.745171500039687,189.6809078633538,3,4.15172401909876,Yes,Bone,42.95670792072547
9.61827754577305,113.09297302799365,5,1.8590809691953751,Yes,Bone,42.94299955154321
5.160040703183878,240.31722607035442,1,2.3224766257490064,No,Muscle,47.485608705538006
0.3673847690093971,36.967285548708325,5,3.212455323816835,No,Muscle,37.0
3.2972605766808587,180.57865741503323,2,2.6720857234670565,Yes,Bone,40.70204245818492
6.545447154464316,149.4821380669759,2,1.8875439054575422,Yes,Tumor,50.626395288514615
7.638390815931152,196.27440251251593,4,2.2425791618260393,Yes,Tumor,52.8094345025422
3.1688634566551075,28.80754240006082,5,3.6779232714140244,No,Muscle,38.254331458096395
1.7583372814666074,178.19529835415807,4,1.6125166219464497,Yes,Muscle,43.78012681859233
10.035669817911659,172.8305305082619,4,1.0690209591072617,No,Muscle,50.81954679342384
11.81438595037227,172.59142738068957,2,1.7526528073191083,Yes,Fat,50.692133350405406
6.3557131694019615,185.01142331297189,4,3.8981368619516052,Yes,Fat,45.04772655564643
2.142983501594812,206.17570179564504,2,0.8559588594253866,Yes,Muscle,45.9270172326048
3.3404571855804908,243.44680990742322,1,4.466784293489807,No,Tumor,46.17665546242207
0.31884905091485416,88.24800883718216,5,2.66401159571065,No,Muscle,38.48854196605582
10.980155798069939,249.264328952218,4,4.4393829758683765,No,Fat,48.184072133724136
1.5012378863926796,154.49414785640155,2,4.255985688343911,Yes,Tumor,42.43538649012495
6.9605460586196175,32.34690094895603,3,2.311254856843667,No,Fat,40.78816336130274
3.3612571261777515,26.97976948075397,4,1.2939642984213964,No,Tumor,40.83583528100082
6.6947182299379415,106.92911242185764,1,1.1595391062605538,Yes,Fat,44.941530691962676
7.851902621387184,237.6201233623256,1,1.45995745547983,Yes,Tumor,55.03256896899263
9.973927464115699,215.22747107486558,3,3.340530562258149,No,Tumor,53.5231067108478
2.556413133951178,238.69833975499787,2,1.5917999789259514,No,Tumor,47.44788232923102
0.2308503610359177,160.0080263680667,4,1.8657010784171932,No,Tumor,41.66849487485981
1.7289389978188068,137.65770940709226,2,2.295115215978459,No,Bone,38.61775434149584
10.81022183799245,52.761232744822344,1,4.152930721685825,Yes,Fat,44.86225030609242
10.499291922993931,105.17589854670035,2,1.2575736715393844,Yes,Fat,47.95499271133882
7.209215915826668,135.86561619042382,1,0.5201062104392125,Yes,Bone,42.97608616261161
7.246150639160475,35.694124607088995,2,0.7403856415126806,No,Tumor,45.88052255370111
8.013936427100441,73.97746628625126,3,4.119065366720472,No,Tumor,46.25352910491984
2.18691821561905,183.48533527848426,5,3.0900658593734525,Yes,Fat,42.1562540961085
10.981502156507021,223.34230312936506,3,1.592162477311227,Yes,Bone,45.38946831227647
5.083369246215669,299.5207783039554,3,1.2087700040447644,No,Tumor,52.28840878452718
4.659348486169019,280.60286608963173,5,1.6770669465484573,No,Tumor,50.702235875212764
6.275120692865767,196.34390786520555,5,0.9591877090051204,Yes,Tumor,52.40729691800088
0.6588950046231551,132.16193545528088,4,4.266131641137765,Yes,Muscle,40.2103888041705
2.078772088197345,194.49143576538748,4,3.6368246974610674,Yes,Bone,39.10526596172356
8.882600035473809,237.8389692432673,3,2.349564707650163,No,Tumor,53.925515405563225
1.0853041483090051,44.31749536778232,3,3.959850420460808,No,Muscle,37.0
7.2775101026500195,128.87241801192357,1,1.4978328171729292,No,Bone,41.38718809213186
3.0196544052077194,253.54266283432898,1,3.368482273888774,No,Tumor,47.87141210655669
4.732617807099521,121.31155606058276,4,3.9245299960549738,No,Fat,41.23874335826544
3.5354554675713286,175.8429586558841,4,1.9270748464930905,No,Muscle,43.67262895933921
4.332505325932894,180.4531146500375,1,3.5298577818028707,Yes,Muscle,45.82013872509933
8.656646271692521,63.498113408755415,1,1.6802893970572375,Yes,Tumor,49.618693237847666
3.635748415915783,115.04827807916364,2,1.6954285410361232,No,Tumor,44.1204839647081
6.840215219533077,107.00827373516032,2,0.9282287142167442,Yes,Muscle,47.48147981263065
5.764999786169286,17.59704547429879,1,2.260232186037595,No,Fat,39.88358880991548
7.997686867815513,17.01561152849302,2,3.418847625989689,Yes,Fat,42.06571229106547
11.24827389796462,251.1921426659743,5,4.260883222285139,No,Bone,43.717145037077856
8.817607956801979,89.1905348921156,4,2.9151879677163843,Yes,Tumor,50.302824239638355
2.6577905052300057,160.24284220925648,4,3.952542150942956,Yes,Fat,41.47104568234254
0.4710793072292876,96.63041634074419,1,3.7899785971609083,No,Bone,37.0
3.220942127167919,282.79698108344877,3,1.1933722119011234,No,Fat,44.973997042175284
7.181427375333032,85.19606007107438,1,2.443269715650526,Yes,Tumor,48.02630532749313
0.7119671804625791,134.60047569429116,2,0.9676941421015659,Yes,Bone,39.1819944318453
6.006758341694712,263.09177264053454,3,3.22861264624654,No,Bone,41.672101546711815
7.202429902110982,254.1607343696245,2,4.299598672984304,Yes,Bone,42.20985694714921
4.077502300721834,63.96941117542042,5,1.048357832315026,No,Fat,41.01683725549695
9.27385522457528,242.76655984075603,2,3.4355325232101652,No,Tumor,53.73810642236023
1.3685192122918846,142.87419715398886,5,3.028952603471444,Yes,Bone,38.471346757804675
0.9941396026561242,150.06097290475302,5,2.834420148032399,No,Muscle,40.93327624456331
8.765446198822879,48.709192000623695,2,2.060480938753357,Yes,Tumor,48.55749624944061
5.996346662853761,33.37443898956615,2,1.9205265910152503,Yes,Muscle,43.00981763563275
8.29198851749006,221.1023990223919,5,0.6809967560755514,No,Muscle,51.13028971209093
5.27444532938458,153.97373418303692,3,1.3716348330080539,Yes,Bone,41.25964807819701
3.032184195545371,136.68670375840207,5,0.5607075291473076,No,Bone,39.890689247098265
9.847317580322976,221.55738630919504,4,2.825668422328082,No,Fat,48.205744002027366
9.613048959730854,231.99874070742183,5,0.9234129435116354,No,Fat,48.71650756147349
8.366888003167679,56.08336862411253,3,3.9920775761188643,Yes,Fat,43.04099063752081
3.3385271330365565,186.96529334851598,4,2.592572082788661,No,Tumor,45.616028666907646
7.1237449357421365,49.252683860528805,1,3.2987596362348337,Yes,Fat,41.56529050709066
4.3955893735863185,227.89877494842324,1,2.143428367361986,No,Muscle,46.457613603461276
1.1898266725869464,200.51699531747045,3,2.7423192360041946,No,Fat,40.61944284484796
11.01603154800069,287.41824011420283,5,4.270636707866522,No,Bone,43.80793794665086
1.728141707935641,29.99782474336214,2,0.830936158494683,Yes,Fat,39.20253500600714
11.407824510467549,26.545869133863754,3,1.5157510876947846,Yes,Tumor,50.47239687825632
5.407468698199673,91.83425166102805,4,3.6199533076421773,No,Tumor,43.811360475667236
