SAR,E_field,Frequency_Index,Depth,AMC_Presence,Tissue_Region
0.652759911367973,250.3854875036964,1,3.5543162754662903,Yes,Muscle
11.342712185600892,45.34696706771479,2,0.6946306546468533,Yes,Bone
7.366378505055428,29.76996972179313,1,2.837999182123161,No,Tumor
0.4425138481287338,129.19825624394437,1,3.533069168224237,No,Tumor
10.98666622271039,47.147766446198005,2,1.5105841224851466,No,Tumor
8.043937088400224,89.5065933023437,4,1.3689235458120432,No,Fat
10.040099697511932,247.21043699452804,1,1.1361000149610452,No,Fat
9.186908950501154,123.54245247157051,1,2.978463707779689,No,Tumor
4.304891513510028,203.78171158095472,4,2.5422471816373524,No,Tumor
6.495007674961282,196.7322335269279,3,2.73506377849759,No,Muscle
6.558083389583157,223.8988674607785,2,3.889086670887437,Yes,Tumor
3.096209320321833,110.864670291636,4,2.123004674460244,Yes,Bone
0.3673847690093971,36.967285548708325,5,3.212455323816835,No,Muscle
4.228743102565109,290.8617455023713,4,1.511193776063092,Yes,Bone
1.618205603267209,281.7177686790082,1,2.9741082348727423,No,Bone
9.118368714525992,218.5685156989565,1,4.146085173301266,Yes,Fat
1.3112114241828046,297.7258242987607,5,4.296802772723566,No,Muscle
10.250812520061585,188.82859121101404,5,1.8010156236982078,Yes,Tumor
4.167626485204724,116.7028178776045,1,1.631204522681999,Yes,Bone
3.13022379168879,189.6805069203706,3,3.2627190845920264,Yes,Fat
11.712639745604164,262.5810458863648,4,4.258606045174033,Yes,Fat
4.370082761069679,47.906009254657846,1,1.1724725135971834,Yes,Bone
3.220942127167919,282.7969810834488,3,1.1933722119011234,No,Fat
2.299768020753772,16.16812914661227,5,4.460345504269928,No,Muscle
3.588457990106058,188.63578057545192,5,3.1060627333155697,Yes,Fat
8.810727907555721,263.1542924041584,4,3.046154587013417,Yes,Muscle
7.45572606144896,289.2487938188981,2,1.3289691990755133,Yes,Muscle
6.087321477103044,261.4391338755101,5,2.554444186177298,Yes,Tumor
5.1149521520507255,226.26279699205733,1,3.4977040239232347,Yes,Fat
10.210803949061196,62.533311365057294,3,2.824060373500438,Yes,Muscle
4.842206339328744,225.3848911479945,3,4.039857232722351,No,Fat
4.395589373586319,227.89877494842324,1,2.143428367361986,No,Muscle
8.379409398916945,44.860626057476445,2,2.1324762273036924,No,Bone
11.399295421525942,37.757221100846905,2,2.2243474504931577,No,Bone
11.391737893314666,44.964396875410856,2,3.637683432013671,No,Tumor
2.129237071878769,182.9182647597954,2,2.912257224682066,Yes,Bone
6.081381407951786,76.68683570841499,5,4.011937987939339,No,Bone
4.732617807099521,121.31155606058276,4,3.9245299960549738,No,Fat
10.814974880243632,110.30608651635744,5,3.6901894421487977,Yes,Bone
1.4812644220323032,298.9368356564552,3,1.9238841299535772,Yes,Fat
7.224035961944735,222.34521705877276,2,2.492944001997092,Yes,Fat
7.31650580994912,151.70652521735306,3,0.9739694350736025,Yes,Fat
0.6381021742636539,66.77561584822837,5,4.456871015831,No,Tumor
11.077742636009818,13.51145781811736,1,0.9929303028652994,Yes,Bone
6.243974144784224,217.08521031840405,5,1.3819347738932164,No,Fat
1.0160609269626366,54.62981283855797,3,2.5626376234258137,Yes,Muscle
1.8016010164287468,141.87455813381914,4,2.2184343685294534,Yes,Bone
0.9811313556356752,207.09771198099023,4,2.2255225950962987,No,Muscle
3.800689628416381,283.972286464509,5,2.2204115061192,Yes,Tumor
5.640616415776275,35.48128475200167,3,2.834227869299274,No,Tumor
4.0376864957465255,131.09842497762924,3,3.858638622835161,No,Fat
8.366888003167679,56.08336862411253,3,3.992077576118864,Yes,Fat
11.372671741380602,160.33832636410918,4,4.261676829202988,Yes,Bone
8.05021312519069,170.974635297663,4,0.7221001312366022,Yes,Fat
9.03536570671882,188.97204611516872,4,2.2732260380687013,No,Bone
3.43121337365672,73.57205633383285,1,1.4166878048566485,No,Tumor
1.8899610041319852,278.8400179909289,4,0.7800140485322631,No,Muscle
3.6041425385488206,266.9967763348716,3,1.26923958413451,No,Tumor
10.745171500039689,189.6809078633538,3,4.15172401909876,Yes,Bone
1.956334792000812,201.04717634610805,1,4.312080084715596,No,Muscle
9.793439170753446,190.9297925245752,3,2.7075085456847425,Yes,Fat
4.560959896332078,23.981491269561246,5,4.280456755024035,No,Bone
5.187738118466741,64.0670960218338,2,3.044169875119873,Yes,Muscle
8.394487317843689,123.8231313579386,5,3.4606454750458524,No,Bone
7.070729417154213,132.29906879330207,1,3.6988750558594448,No,Bone
10.355248890060857,48.20134430182296,2,3.197598607255926,No,Bone
8.390144804135018,30.664451051924992,3,3.6988716544748783,Yes,Bone
1.5061614486977095,57.421923049656606,3,0.6132450976106711,Yes,Fat
10.752961368477672,110.7957420293048,2,0.8208889858228563,Yes,Bone
8.391172267833392,123.4136456290106,1,1.3401173980651264,Yes,Fat
5.522315358149984,78.88779795355497,1,3.996682728628104,No,Bone
10.721452082030735,87.02401235072476,4,0.7453238225731305,Yes,Bone
2.573846436237725,170.72568909828482,2,3.84026378182008,No,Bone
3.60394181562807,240.99581438309116,3,4.265089792967407,Yes,Fat
10.121215185314933,39.41204025027279,5,1.997921599872068,Yes,Fat
8.52606367577294,151.93323945651073,5,4.177549618290691,Yes,Tumor
8.73887257855585,292.3118010614451,5,2.735922536399096,No,Fat
1.155560151708962,112.9489286912618,4,3.932481577004414,No,Muscle
7.517247709247939,35.92919067055526,3,1.805353723727949,Yes,Fat
4.213782322696641,194.78842827440133,4,3.156806852287142,Yes,Tumor
1.633668690736726,127.25244275024473,3,0.7525611717095653,Yes,Fat
6.825084884711586,30.904457439615275,4,0.9680468994317848,Yes,Bone
2.2076170849438825,63.80239955390513,5,1.3216056339121174,No,Fat
0.4629529742746882,125.10775009846286,4,1.196326701245717,Yes,Tumor
8.33355285254305,140.9022370556059,3,3.208609649830694,No,Bone
11.5838202369315,211.56021636898043,2,1.302211911381066,Yes,Muscle
6.948142716722959,181.78159529207505,5,3.960773389591244,No,Bone
1.0936585287141585,208.14192820399728,4,1.57040319544683,No,Fat
4.777862923534449,89.52240868111431,5,1.26571072199817,No,Muscle
7.246150639160475,35.694124607088995,2,0.7403856415126806,No,Tumor
1.7289389978188068,137.65770940709226,2,2.295115215978459,No,Bone
11.192207561554987,217.73378253817785,1,3.1323303389967614,No,Tumor
6.479546759495032,148.96274451262198,4,3.0910969318013684,Yes,Tumor
11.54985332684705,299.8299804734933,5,0.5885659018905178,Yes,Muscle
5.553209396849048,190.66030923341,3,0.6400316592272226,Yes,Bone
2.7607904783814865,262.51850059780514,1,4.232508937633233,Yes,Muscle
3.3404571855804908,243.4468099074232,1,4.466784293489807,No,Tumor
4.275888649369736,195.3447819664951,1,2.039214468884413,Yes,Bone
10.407496134721727,256.2667389539426,4,1.3764699178797537,Yes,Fat
2.980457730986855,228.287825471716,4,1.9468410194383223,Yes,Bone
7.313478149965472,40.99430769747571,2,3.209893659293892,No,Tumor
1.109568797613784,291.2744933711084,3,4.026649929330851,Yes,Muscle
5.509038670736501,167.90183840864637,3,4.0424790569670925,Yes,Tumor
1.1853526262794154,22.056129124613708,4,2.158064259267169,Yes,Muscle
8.668434784898285,83.85448039335485,1,1.955238564563734,No,Tumor
7.209215915826668,135.86561619042382,1,0.5201062104392125,Yes,Bone
0.6474314400588577,292.69001702256713,4,0.5632527849318483,Yes,Bone
1.850174423055552,16.855189953437556,1,2.6973705796110305,Yes,Muscle
2.142983501594812,206.17570179564504,2,0.8559588594253866,Yes,Muscle
5.305951572082376,37.705241012053776,5,3.3973776253181587,Yes,Muscle
10.77178207788154,220.05825696733493,1,3.491354297648287,No,Muscle
9.773522008647925,100.27923275524104,3,3.869302018999736,Yes,Muscle
11.762387645897176,123.36273881259926,3,2.614897676393743,No,Bone
9.737505905670156,72.65107292778389,3,1.4851440752421263,No,Bone
4.577489067817897,283.93812364746674,3,1.4749179300973672,No,Fat
10.885617182627358,175.4768265252606,5,4.444986687805606,Yes,Bone
10.715354006607647,295.35351790835017,3,2.1466218418268097,Yes,Bone
7.938454216265446,137.19847156498122,2,4.450638369365008,Yes,Bone
2.49936510856816,246.05137815674544,5,3.1772344366475167,No,Muscle
7.858338988080946,57.45090814558407,1,3.000116744340823,No,Muscle
1.4788418083490438,285.4887433455653,3,2.7532985681321867,Yes,Tumor
0.7125971398748733,256.6687014373301,3,3.5153188022768744,No,Tumor
6.533557947160268,25.071672258927,5,2.042454051462592,Yes,Fat
0.536530114398115,38.03617039754869,4,3.896716022006817,Yes,Tumor
8.69480556387749,136.90490597606367,3,1.6276761716189163,No,Tumor
10.940033495476726,178.24998707592636,2,2.41704035965815,Yes,Fat
2.1611022519291807,261.79902656843035,2,1.988801567300877,Yes,Fat
10.823780324842769,116.2738451127054,4,4.026253819763028,No,Muscle
7.1881010132333465,27.791391862093768,2,4.404747899952335,No,Bone
4.117620539703172,73.85312856544529,3,2.938524046627608,Yes,Fat
1.6995346555737936,156.78114022367075,5,0.766110432843421,No,Bone
1.033630937972965,269.49683025755303,5,3.159978064951095,No,Tumor
0.8913055816646522,97.94979279460271,3,4.263093198758003,Yes,Tumor
3.103999637693847,140.60757151487368,4,2.1240472068244425,No,Fat
4.557027414283613,63.6885493631997,4,3.136455057878106,No,Tumor
4.966540038529812,162.65677167147282,3,0.8372052584454015,No,Muscle
3.936010755199204,195.83963126015985,5,2.965257968931585,Yes,Fat
8.091721027554316,169.56569722531592,3,3.1499357877664327,No,Tumor
7.763594564544287,156.6972809560304,1,1.4069647376277783,No,Muscle
11.959978361179472,217.68369552472612,3,3.027954721584756,No,Fat
6.690865984375717,231.06268908521855,5,3.605957210604073,Yes,Fat
3.90859025226428,202.50331301032347,4,3.812467316025371,No,Fat
6.193907393761443,193.22592283483385,4,1.8784163377902383,No,Fat
5.18258268465245,169.7486374766504,2,4.030937522693688,No,Bone
4.155562129010912,107.73092116507304,3,2.2848048839101747,Yes,Fat
9.519790620337597,101.68527044325764,4,1.879125680290588,Yes,Muscle
6.667691381416378,247.5647692337692,1,2.921647030030349,Yes,Muscle
7.038194575539337,20.24029293266933,1,1.7721982902036748,Yes,Tumor
1.5231715266657904,283.3922144991864,4,4.055549696014519,No,Fat
6.9605460586196175,32.34690094895603,3,2.311254856843667,No,Fat
1.45033490276301,109.14292815121895,3,3.1842211354396577,No,Bone
6.18497454644516,149.3470147047704,5,0.7733364193824168,Yes,Tumor
2.539313115448269,222.59067584860568,3,2.77385959403176,Yes,Muscle
11.843954545546156,93.2993075796837,5,0.6100767405616612,Yes,Fat
0.5444434461156515,48.48756867248751,4,0.9682641656966746,Yes,Fat
2.74308294460169,153.80396317284354,3,2.16377561832742,Yes,Muscle
0.7150124819064316,19.15998199943619,3,0.7019557776496317,Yes,Fat
0.784949244198067,296.1227356580656,5,1.6837715554346264,Yes,Bone
6.696813224885668,62.81419554972279,4,3.303470543445728,No,Bone
3.489601883091865,87.43819834913218,4,2.6698840138506243,Yes,Muscle
5.983601625960719,53.01952827900577,2,0.5530041340156422,No,Fat
5.563715499235309,77.26465787363287,4,1.4001675046834885,No,Tumor
3.946114891046987,32.077949252187054,2,3.772106996554772,Yes,Bone
9.348048299536496,154.1806815624439,3,1.8426953321562385,No,Muscle
1.174448263647459,56.62036985400938,4,2.295254582986424,No,Fat
7.149733369458305,102.53913724054414,4,4.340671138914981,No,Muscle
4.827718757668371,287.0470590861392,3,2.2669859665508283,No,Bone
7.633907341551889,190.0655001525684,4,2.963647662706885,Yes,Fat
9.032315544526217,291.24810307277795,3,2.565697552874444,Yes,Fat
2.5978765578374707,259.79729894539645,4,4.278662928684381,Yes,Bone
7.131626023940077,93.2410586207247,5,0.9881219772873946,Yes,Bone
11.880526765440347,40.64275843590573,5,4.162688929046599,Yes,Tumor
11.553122809811123,249.15748011829325,5,4.498175674876377,Yes,Bone
2.795299724855462,85.34303850860634,5,0.6234316172322898,Yes,Tumor
0.7911949848015736,210.7602037101772,5,2.590158866928213,Yes,Bone
10.804937421967365,149.58980397424386,4,1.1222857474772092,Yes,Tumor
11.634700173867278,241.365958169004,2,2.9453464088665875,No,Fat
9.803990998612528,15.183441072690004,2,4.32528037355011,Yes,Muscle
7.124509815926212,98.62522249216232,5,1.8288222837892865,No,Tumor
11.05801840314673,16.074038698964713,5,3.466410477807142,No,Muscle
7.781120321295297,290.7760940952693,4,0.7884443717177407,Yes,Tumor
0.5389546735189403,264.8026960429958,3,1.09840579810781,No,Muscle
6.120075278725145,158.5443570356756,1,2.383469424892707,No,Tumor
2.423391554796729,198.98337935900668,4,1.9234190370368456,No,Bone
7.925593418374086,285.75043305261903,4,4.427622792306156,No,Bone
9.61827754577305,113.09297302799364,5,1.8590809691953751,Yes,Bone
8.408124396834967,160.53371768950325,1,2.1389569457717563,No,Muscle
1.5263978712708255,33.5034026132179,5,3.536275757033503,Yes,Muscle
9.613048959730854,231.99874070742183,5,0.9234129435116354,No,Fat
9.587814852776688,238.2019820140356,1,4.436937996937736,Yes,Bone
7.95381014780673,281.7962612985708,1,2.430001680941442,Yes,Bone
5.992605230324115,239.30971780329943,1,3.7331017582237513,Yes,Fat
3.534703583559044,17.485453015351226,2,3.835167803675309,Yes,Muscle
2.8226981693503075,211.8459792355997,1,3.799151425111147,Yes,Tumor
1.6237454835974925,134.17788832842828,5,3.607161933628909,No,Muscle
1.153060774417842,232.4846037900268,5,0.630471793366266,Yes,Tumor
10.756726419104783,147.64295396744603,5,1.3642404649790656,Yes,Tumor
4.553822469497832,205.05461428528665,2,3.038557025949522,No,Tumor
6.448186994518226,151.4776727386451,4,3.607213328559552,Yes,Bone
1.728141707935641,29.99782474336214,2,0.830936158494683,Yes,Fat
5.527232812182727,283.83728184289583,4,1.7399997486871572,Yes,Fat
10.436329625454578,128.00330860963248,1,2.482815000927564,Yes,Muscle
1.6369970403027905,162.29738126344745,2,2.5842927620335514,No,Bone
11.996640312104956,186.99679716016632,3,1.9929646255169355,Yes,Bone
9.69379522953743,171.75719103730722,5,4.234284333830592,Yes,Fat
1.466558214396522,116.58498246454413,2,4.026462559511991,Yes,Fat
3.2972605766808587,180.57865741503323,2,2.6720857234670565,Yes,Bone
5.742668566139169,30.937538603960995,4,2.199086121700212,No,Tumor
9.324080597997265,163.39176886789147,2,2.4787007583651333,Yes,Fat
9.88819319078571,164.74473855079475,4,1.226893172912626,Yes,Fat
4.57991406584879,197.76766710483489,4,4.270183758707621,Yes,Bone
10.434768913185165,211.729262484074,3,2.5253212374170717,Yes,Tumor
6.558420875836394,271.51097771927283,4,2.6889500816825724,No,Fat
10.54073955594267,13.369956573349183,4,2.9219306768576185,No,Bone
4.84813217605455,233.0747128730588,4,1.161209144551845,Yes,Tumor
9.14671153268727,54.08720740730795,1,2.506302799671793,No,Bone
2.1335622899417834,195.88190243014628,4,2.311644281070443,No,Fat
1.7761985425196185,178.90257088010148,2,2.792892777798366,No,Muscle
11.84858593884784,80.60986600712678,1,2.285547561052779,No,Muscle
9.065200404581406,253.053433997952,4,1.167724283270006,Yes,Bone
5.240145721841177,275.4916063005321,4,2.080823705239881,Yes,Bone
11.161396816549129,298.5112319792325,2,4.038333171684752,Yes,Muscle
7.567941153000355,11.670011544455257,3,1.3876018431374917,No,Fat
10.859488464475604,190.91920415620615,3,3.483013516304504,Yes,Bone
1.303359845861204,203.39063468837023,1,2.627556316030057,Yes,Muscle
10.873672639277158,273.6194309930359,5,3.8345725365758336,Yes,Muscle
0.8563443684036812,264.9443091930277,1,1.0752574012592548,No,Muscle
3.329053478109361,295.3842060677956,1,4.469769157499115,No,Tumor
3.3039944482976336,297.8202156259288,3,1.0305783104038126,No,Bone
10.418160591103234,236.15678677907144,3,1.1884424112911107,No,Tumor
0.5277130581812308,160.1363765815663,1,3.1882241550090136,Yes,Tumor
4.7192221218576105,274.5853702288404,5,4.161028739671292,Yes,Muscle
0.9397680940651152,151.13399301316383,3,3.5829701236222067,Yes,Tumor
0.2351083727322869,209.96275779915277,1,3.985873685506135,Yes,Bone
8.45340583936667,51.32370744143884,1,0.8683810129316094,No,Fat
10.00606742552502,283.7772085091178,4,0.552118271028335,Yes,Fat
11.103854057514898,193.46034900884496,2,2.2412968858209448,No,Bone
2.429914503992628,62.108101572370174,5,2.4977270794673414,No,Tumor
8.095523648824868,263.26364559963423,5,4.485593174716222,No,Bone
11.058381566328578,204.15121700747517,5,4.369054350105462,No,Tumor
4.475818056407259,283.6486168486037,3,1.151260198707455,Yes,Muscle
4.818859109623115,223.69338603381283,2,2.2754367536852045,Yes,Muscle
7.997686867815513,17.01561152849302,2,3.418847625989689,Yes,Fat
8.970729742793527,114.43955816674054,1,2.016510633502588,No,Fat
4.362136344590802,150.22823754877817,4,3.3529434723333478,Yes,Muscle
5.962155318515148,182.3981372039902,4,3.8036708292641217,No,Bone
6.432150474657256,240.68048862902145,3,0.5629716519827079,No,Bone
8.322159083419345,236.15516459383164,2,1.3535733919027582,No,Tumor
1.9190237562935517,256.9132377460777,3,3.831327607476303,No,Fat
6.341685535886031,243.71836603411012,3,4.396990616579025,No,Muscle
2.957732863460498,49.56752824145261,4,3.1188363014251963,Yes,Bone
4.963936636067347,253.803878123248,4,3.180130151230267,Yes,Bone
9.339314232829762,160.73444508124513,3,3.8059523607830497,Yes,Fat
6.475718740489626,225.61739432456625,1,4.389679996160414,No,Muscle
11.56707772736211,277.0458758665492,4,4.461447127993488,No,Bone
1.3753469349433352,278.88156764904124,1,0.5685991276607925,No,Muscle
2.2246814784465703,143.85166758173906,2,1.844028235960435,Yes,Tumor
3.492632507456781,247.06041546244555,5,4.200188701372058,No,Fat
3.89581000049576,262.51747136902827,2,2.895381600317756,Yes,Fat
11.412225048556918,88.22738733992699,1,1.7744358510544287,No,Muscle
8.511602391786644,296.4394930234492,2,1.092711712919782,Yes,Tumor
9.716632516816562,165.72258263908995,5,4.224039883541199,Yes,Tumor
2.3882393238231825,34.84089238296485,1,1.5560173998378637,Yes,Fat
7.2775101026500195,128.87241801192357,1,1.4978328171729292,No,Bone
11.887011189808012,78.45463437047455,1,4.270125230080467,Yes,Muscle
10.900041039720508,298.52326856746623,2,0.6905650297460264,Yes,Tumor
7.637504702474039,181.95258110409392,3,2.067295853134,No,Fat
4.011108089902,45.41187506290777,2,2.5863975840454327,No,Tumor
5.677448601560146,84.4652046389473,3,0.6812771158435784,No,Muscle
5.677061639730103,206.18888187540148,1,3.215913972152168,No,Muscle
1.1863114537549897,261.798671348845,4,1.99408070759875,No,Tumor
9.15334207854108,186.24367051486917,3,1.3178435442188472,Yes,Muscle
1.7583372814666074,178.19529835415807,4,1.6125166219464495,Yes,Muscle
5.719357609427196,77.18479340119859,5,3.792643322835437,Yes,Muscle
10.279980949730986,67.86731076945209,4,4.144673140720316,Yes,Bone
3.032184195545371,136.68670375840207,5,0.5607075291473076,No,Bone
5.9004312591692125,10.933296445240815,4,1.9016530000407896,Yes,Tumor
6.3557131694019615,185.01142331297189,4,3.898136861951605,Yes,Fat
5.583267339589437,160.5273393633984,1,2.215939727363562,No,Tumor
4.213440671553972,40.19179832140824,5,3.594650259582663,Yes,Fat
9.612983747017608,198.7544370236863,2,0.8773097051641745,No,Tumor
9.274509441459276,76.89424539815002,1,1.6827786961664168,Yes,Tumor
11.641927240727732,296.4237223190276,3,1.3558281547529476,Yes,Fat
10.31511174693184,134.95738186192372,5,0.5318576189818045,No,Bone
6.709637296671266,89.0609602127248,2,0.8814864090922345,Yes,Fat
10.920912784737506,191.50849916673263,4,1.483229757224612,Yes,Bone
0.5092234012710989,102.43822585030028,5,1.5152843126267794,No,Tumor
3.047998775063774,154.4767577714103,3,3.773478265925349,Yes,Bone
2.319570273758265,157.1656427906425,2,0.892939968756322,No,Fat
1.0250421798833196,144.41327270216598,4,2.1182746256160696,No,Muscle
8.62006952328403,181.20083023304412,1,0.9936032608223856,No,Tumor
2.1506064672993954,33.031617006806115,2,2.3559605258577,No,Muscle
7.478865795549311,288.2772268530997,1,4.092952255812941,No,Bone
0.4740073096721375,26.774376203384943,1,4.0179862829125055,No,Tumor
5.354212966343186,11.432594470978788,4,2.144374435521759,No,Tumor
11.24708686596714,230.6980917255881,4,1.129305120007313,No,Muscle
9.77231485036428,261.7612537694765,3,0.9736601567037276,No,Fat
3.589208183206968,21.4096267938678,4,1.8955603001672945,No,Muscle
4.54238086372906,247.15774565851407,5,0.6818100017431838,Yes,Fat
0.3345553992769334,194.52449265398195,3,3.684029609709133,Yes,Tumor
9.823157644296431,110.3689206959578,3,0.6693691150895353,Yes,Tumor
4.702150620976395,41.02438525981793,3,3.160584776953621,No,Muscle
11.17601217468242,250.37617610595677,5,3.723378130471332,No,Muscle
3.289957325792228,264.22872093017816,4,1.675103624697563,Yes,Muscle
7.376305401672309,207.26605597042249,2,3.124220087902816,No,Fat
1.0853041483090051,44.31749536778232,3,3.959850420460808,No,Muscle
11.15957427061827,48.432155095136046,5,0.7424196308596391,No,Tumor
10.54191696097193,84.85869548332698,5,3.351840031435223,No,Tumor
6.275120692865767,196.34390786520555,5,0.9591877090051204,Yes,Tumor
11.284002271000354,72.40854288499888,4,1.962382804015867,No,Fat
8.382754580432179,152.5624185550167,1,4.415830028164416,No,Fat
5.4614752101901125,62.61712083173181,5,2.6921294266569604,Yes,Muscle
0.5846727475957446,198.5944490406117,4,0.8085806741583275,Yes,Fat
2.2825136672558624,278.3220120505431,3,3.4284904273718237,Yes,Tumor
11.462896839892007,293.0009241875481,3,2.6875038635041784,No,Fat
10.737321738306395,41.82349761647602,1,0.8059198219972523,Yes,Fat
1.2147297371543009,135.37709230235455,1,1.4900402925616478,Yes,Muscle
1.73649923533732,166.96730781607198,4,0.975497564708288,Yes,Fat
0.9941396026561242,150.06097290475302,5,2.834420148032399,No,Muscle
3.5765213175690964,278.0748966591938,2,3.916887625363472,No,Fat
0.4154845954452996,271.203540563265,2,1.3248696203365595,No,Bone
3.026896967775647,70.46804916362738,3,1.9497252904633164,No,Muscle
5.494137133501528,200.28693292751075,5,3.541697246729887,No,Tumor
5.950228913890305,84.72803766825197,3,2.888383080746879,No,Muscle
9.16197651743792,159.52284828798258,2,3.462504595577482,No,Muscle
10.240959853790628,184.46742784243605,1,1.53292407866464,No,Fat
2.1990051394240577,226.9412220345643,5,1.8505972079969384,No,Tumor
10.792794843472244,103.84696355336696,2,2.4290574450087687,No,Muscle
8.588860072026174,229.28736537962132,4,0.5547942016356582,No,Tumor
6.779198651077005,158.6796681947875,5,1.5212363060157266,No,Fat
9.086133342516066,253.5597778313489,5,1.72761805277828,No,Bone
0.9871526597892728,112.8404257158252,5,4.39748895471703,Yes,Tumor
4.508618023217445,173.06607660459383,2,2.3633030128924988,No,Muscle
6.98153367785447,104.67377939075764,3,2.3027458997556525,No,Bone
1.8690864602620445,283.4919929459652,5,2.006121151157193,Yes,Muscle
1.1008709927684697,50.49886387933074,2,3.6577287767807647,Yes,Tumor
5.924487847302999,207.24082381048711,5,3.0137361896759955,Yes,Tumor
8.775185299687749,134.0542087834001,3,3.218199708535633,Yes,Muscle
2.054762995378816,98.8135500281174,5,1.724205854091152,Yes,Fat
11.833412659492163,210.8615261455877,1,1.744009978930721,No,Tumor
6.402841882436477,97.27943441457673,3,4.126288842688651,No,Fat
9.740349396682252,259.4354951848693,4,2.8814386450344163,No,Fat
3.4411911130461843,260.6638924534948,1,1.833850374384042,No,Fat
3.443461956147541,211.68548994006,3,3.289101676215428,Yes,Fat
2.320183700743826,264.46365016281027,2,2.8617243592907733,No,Tumor
9.9739274641157,215.2274710748656,3,3.340530562258149,No,Tumor
11.199468951912758,287.1018718269311,1,2.3019142858823813,Yes,Muscle
11.04628183531185,163.78761864225592,2,1.9846780640781256,No,Tumor
7.726409463158253,297.4642381736346,4,4.433222627273869,No,Tumor
9.834375714477668,35.22616037430894,2,0.707603774349236,No,Fat
9.66369771509946,36.53118284534891,4,2.628086715937007,No,Fat
10.704603053007046,127.20069327879956,4,3.559203889837109,Yes,Muscle
2.984675815739455,52.44845772705224,3,4.314140391406035,No,Fat
2.432196062787828,126.55996494668022,2,0.7308117136635954,Yes,Fat
5.345076688564915,168.0578064801121,1,3.3163330852853563,Yes,Fat
7.527372003404695,298.93695791190174,5,0.6659966687323178,No,Fat
0.925399480414469,78.88756422792451,1,2.6401020183957318,Yes,Bone
4.377944699515086,184.00595895459807,3,2.6984250741230267,Yes,Muscle
3.809361805463991,77.5582476785538,1,0.5017711257488315,Yes,Bone
7.547732996999413,21.63166550961992,1,2.0897926275963665,Yes,Muscle
4.255593937890664,262.7456737841891,1,0.8900573025635898,Yes,Muscle
5.407468698199673,91.83425166102803,4,3.619953307642177,No,Tumor
6.030576495599809,245.4132385461399,5,4.4540865919817865,No,Muscle
4.770096778329361,140.43754815818352,1,0.7208900829721139,No,Fat
6.268122863128467,142.01384323372235,1,0.796168871649392,Yes,Bone
4.510641550096001,138.68756359832562,2,2.828575230311194,No,Muscle
11.790305541212415,98.35695033843184,3,2.718750839120345,No,Bone
8.740486871299673,215.62755064076572,5,2.667960299559064,No,Fat
5.734314072288732,144.16065745440173,4,2.8792128587111585,No,Tumor
8.656646271692521,63.498113408755415,1,1.6802893970572377,Yes,Tumor
3.4158929244156764,261.51531827834265,1,0.5826854755676178,No,Bone
2.812428434249106,200.0201743853163,1,2.249927706432839,Yes,Tumor
7.042362357716834,194.63420782849013,5,1.0054259252580424,Yes,Tumor
11.638057070398249,263.6634850784178,4,4.319387972153873,Yes,Fat
2.038919682269013,220.3247215203896,3,1.6659829636948915,Yes,Tumor
6.545447154464316,149.4821380669759,2,1.8875439054575425,Yes,Tumor
6.017257220119387,206.62468424212844,3,1.3819537387564256,No,Fat
0.2446382488088144,174.43471568613367,5,4.421742281081487,No,Tumor
9.07906020160772,214.9653928967793,3,2.7135207514629904,Yes,Fat
4.490072310880292,210.10141833799307,3,1.7724177876138882,No,Fat
6.635797310002833,81.65993786294247,5,2.550905577047104,Yes,Tumor
3.565626768356699,19.844333789881667,2,4.311587183991311,No,Bone
1.4475327455049876,38.53473841688522,1,3.9784243298991098,Yes,Tumor
1.9248816970813545,53.54901023694208,3,0.5632926879872833,No,Fat
5.464988519709172,60.49170724688446,3,2.551588222075237,No,Tumor
0.2289680526155505,243.6443443555154,5,3.645430932245926,No,Bone
3.0434424107440523,207.52417764984503,5,2.204283910504388,No,Fat
2.2958001303408904,144.90962756227827,4,3.1970353680259964,No,Bone
8.242373015494667,28.953338831693287,1,3.73231712942332,Yes,Tumor
2.1749605051593983,166.59576011759808,4,1.0686817868155822,No,Fat
11.146990894793932,191.6038932731105,3,3.6239835744599658,No,Muscle
8.876264852506006,241.62711557982664,1,4.2555798401651,Yes,Fat
2.0121083417887125,279.87261224673574,2,3.954565685186464,No,Muscle
1.7573376646943084,293.0033889239156,2,4.401493108585683,Yes,Bone
6.821609485825135,254.17958033811783,4,3.590065144317616,No,Fat
11.829240403916147,189.39729968240343,2,2.4274699170984664,Yes,Muscle
6.5574711530201615,111.68181005066242,1,2.6030248782365395,Yes,Fat
2.206424762893288,75.73035664582653,5,3.020159513919929,Yes,Fat
4.244240057577274,141.01262683379645,3,2.731709780602803,No,Bone
6.082372642100502,13.199066684307692,2,0.9577260744494344,No,Muscle
6.34460153642363,174.70411686026256,5,3.293244628910291,No,Tumor
10.342693940750486,128.45143179050262,4,1.2644748379840105,Yes,Tumor
7.956348782941002,262.8172343117385,4,4.485049146099508,Yes,Bone
6.725935023254367,134.78870952084418,1,0.9124854496323032,Yes,Fat
4.420679327143757,98.60205009082682,3,2.377140909303161,No,Bone
3.535455467571329,175.8429586558841,4,1.9270748464930905,No,Muscle
1.2079229368902007,29.53167442594379,4,3.6286850523649847,Yes,Fat
10.47038102323384,178.22500027296525,3,2.6868020822270733,No,Bone
0.8268277222728786,298.30041475413856,3,3.8066082298425616,No,Fat
2.555371249028931,29.60764344174232,5,1.3042606081997803,No,Muscle
4.158689577498076,289.26768111910843,1,3.5588765659051167,No,Fat
6.423120115660961,281.50155141067006,2,3.009946287137117,No,Muscle
9.484306813571916,168.90825180237096,1,4.446916406003394,No,Bone
5.7117566437468845,236.42085995984755,2,3.233815109630036,Yes,Tumor
8.919335726551703,39.30328519308754,5,3.603646131229224,No,Bone
6.725478426865764,259.98419985906054,1,3.241581373784023,Yes,Bone
7.202429902110982,254.1607343696245,2,4.299598672984304,Yes,Bone
9.74558463630381,270.4288591954962,4,0.671350220476453,No,Bone
8.765446198822879,48.709192000623695,2,2.060480938753357,Yes,Tumor
7.984015183812385,188.60032457286832,5,4.078571190310538,Yes,Tumor
4.618339657190476,53.17753459640896,3,1.670065701905008,No,Bone
9.16327342241174,265.4525201676893,2,3.0286379967458297,Yes,Tumor
9.024529597750217,246.624612300899,4,4.2940117728727785,No,Muscle
0.2973951642414882,294.54399162795283,5,3.901886459043351,No,Fat
3.720482691218499,62.366850086926725,1,1.920164225807833,No,Muscle
5.077092131858365,218.25569210568335,3,4.426829370084566,Yes,Tumor
6.605852324185028,262.32867343126964,2,1.1152280985664311,Yes,Tumor
11.24827389796462,251.1921426659743,5,4.260883222285139,No,Bone
3.3612571261777515,26.97976948075397,4,1.2939642984213964,No,Tumor
0.4137669965172988,12.193233743661214,2,1.4261937438601953,No,Bone
2.18691821561905,183.48533527848423,5,3.0900658593734525,Yes,Fat
7.589843793809624,247.17192269075628,4,3.192985757418126,No,Muscle
1.2183850841063413,12.83354575156326,5,2.754639884115049,Yes,Muscle
1.5791369594779825,295.26688832639,5,1.3649080365111188,No,Muscle
7.941194908730801,157.4245586057212,3,3.0052894066247804,Yes,Muscle
3.0034767562110947,195.1725248225848,2,0.5791826333890175,No,Bone
2.476118007684481,259.9923687869009,2,2.332938601571336,Yes,Fat
5.083369246215669,299.5207783039554,3,1.2087700040447644,No,Tumor
9.88013470555524,214.35742119362757,2,1.8809198146798896,No,Tumor
8.013936427100441,73.97746628625126,3,4.119065366720472,No,Tumor
11.303431224440647,222.60277650043147,5,2.1453578659965755,No,Fat
7.610549649367428,128.70686183136246,1,4.239977727355061,No,Tumor
1.262298156675968,220.18236374334083,5,0.6842269367598255,Yes,Bone
4.332505325932894,180.4531146500375,1,3.5298577818028707,Yes,Muscle
0.947144916676725,81.69701157692134,1,3.6403908563828304,Yes,Tumor
11.562348219343274,236.8917903768993,4,2.256382261003314,Yes,Bone
3.635748415915783,115.04827807916364,2,1.6954285410361232,No,Tumor
0.898210080922287,92.91296887935644,4,1.4483388340693604,Yes,Fat
0.8541621486259362,137.45838970354393,2,1.423178615706127,Yes,Fat
7.996094726998856,135.30229605381683,4,2.9939113220771856,Yes,Muscle
4.134454513479538,23.26518980562873,2,3.8731123637456095,Yes,Bone
2.541161721735885,276.4886947554708,4,4.1980898749276,Yes,Fat
4.869080424416379,295.55422446210736,2,4.240688346905973,Yes,Muscle
9.784160734512689,108.96187001158536,5,1.623527860744975,No,Bone
5.764999786169286,17.59704547429879,1,2.260232186037595,No,Fat
2.772797392985785,294.1913955140667,1,1.8499213026995929,Yes,Tumor
3.1731082207576047,168.5422496870803,5,3.4929313253275835,No,Tumor
6.840215219533077,107.00827373516032,2,0.9282287142167442,Yes,Muscle
7.639003558054647,107.18446773515116,3,1.1883569171810375,No,Fat
3.1871388578323807,104.81016873804292,4,2.1743291421259565,No,Muscle
1.8242489778855548,212.26672388409224,5,1.5753869698113734,Yes,Muscle
1.91521461067971,223.877424243112,5,2.164581470562427,Yes,Bone
7.1237449357421365,49.252683860528805,1,3.2987596362348337,Yes,Fat
9.548899752316522,242.445762446067,3,1.180461669237126,No,Muscle
2.018533318322653,75.08776583263159,3,0.6816131258747702,No,Fat
11.678825601554102,125.30237540921034,1,2.0627284439437568,No,Muscle
9.25696590498405,185.81335194778345,5,2.3143159996913365,Yes,Fat
6.151991224859962,279.04816212661177,1,3.806987072104988,No,Fat
9.49645589925519,157.0980945196338,1,2.3473739251004413,Yes,Muscle
9.053256900308392,280.8237550830924,2,4.037506188091886,Yes,Bone
1.4910866844295323,165.23993812125158,2,3.8064733820099543,Yes,Fat
1.0027736044931006,211.5919206738022,5,3.795069583196492,No,Bone
8.35798648915849,21.14364119907425,2,1.88824947399758,No,Tumor
1.0547815733735424,261.73644013116063,1,3.077026894603246,Yes,Bone
6.518172678796243,47.55932717201321,4,1.948705019194913,No,Muscle
10.74844547008902,241.64713837436292,1,2.426197361103417,No,Muscle
2.950786498936972,252.73386522546488,5,2.570385205262088,Yes,Fat
9.934843846682126,223.55658436903576,5,3.990543210187341,No,Tumor
0.2308503610359177,160.0080263680667,4,1.8657010784171928,No,Tumor
7.995671052385864,139.311784849257,5,4.309868466751388,Yes,Tumor
7.786415171846055,125.1246399515422,3,2.2722374493216844,No,Tumor
11.536736777886516,187.7524789234124,5,0.7140578516521732,No,Fat
3.0570207637921425,38.44394842743093,5,3.8172569365030378,No,Fat
7.253268639744185,82.40372256916392,1,2.3358539175091946,No,Bone
11.114265303590638,63.7067146815657,4,3.4449592405353324,Yes,Muscle
3.724903853163112,108.56373949273916,2,3.7190124879587794,No,Muscle
5.148241910039018,261.98244549882827,2,2.787648815402403,Yes,Muscle
6.491567847640718,97.9072232241453,4,2.777937936689016,No,Muscle
3.871371861359704,46.30387973873962,4,2.300466105899244,Yes,Muscle
7.685415827828658,166.97593723731043,5,4.245068557652877,No,Fat
4.668305534341216,15.56576027868644,5,1.3290919162706705,No,Fat
9.425470851619602,58.72412024601039,2,1.034602325642072,No,Bone
5.8658235237731535,287.71133250656027,4,2.784649194489444,No,Fat
8.015846926284782,162.84202453437896,5,3.657637687654343,Yes,Muscle
10.2827879704648,126.4333515997736,1,3.282498609416232,No,Tumor
1.766999781314636,100.0049680878364,3,2.578817051577937,Yes,Bone
0.5678144641090773,265.22293539282293,5,3.167087639135589,No,Bone
2.668270227212434,40.32467369697608,1,3.5892040606613715,Yes,Fat
7.618862824820611,164.0391631202993,5,0.8105631039551251,Yes,Muscle
10.90836404300318,215.42526324736008,5,1.576078587193242,No,Muscle
5.597869063365179,29.32909176260009,1,3.5606413152670653,Yes,Fat
0.3388472535549438,166.58756778136228,1,0.5213846434174578,Yes,Fat
2.993749072893504,297.6248858913154,4,1.2565564000919385,No,Tumor
6.2899456632327215,285.90696923993056,4,1.1347154947587397,Yes,Muscle
7.867678683437309,12.706169749857056,4,2.362730167049118,No,Tumor
11.409896660511048,122.68184936840026,2,3.510553176287344,No,Muscle
6.081880376423452,200.95103205094335,4,2.157878862157373,No,Muscle
7.353815574360772,241.25354626600915,1,2.022758724643463,No,Tumor
11.26625143617035,51.25231691928689,2,2.9121582202131333,Yes,Bone
10.03566981791166,172.8305305082619,4,1.0690209591072617,No,Muscle
4.5856387101564,130.09762823338883,4,2.2538268610023127,No,Muscle
6.892261825560051,139.68873674640233,3,2.4765906825515307,No,Bone
4.557890114055008,296.4183734834568,2,3.6470780134285095,No,Tumor
7.0420883046562,200.77513833488044,2,2.8016375491445933,No,Tumor
8.880973308679645,107.699779613621,2,3.182702101529302,No,Tumor
9.824944182394468,209.48685946723583,5,2.526690595930983,Yes,Fat
1.4096179018793535,244.75966167021463,5,0.5403624267560989,Yes,Tumor
10.786846044344491,255.48915822018063,5,2.939766234384207,Yes,Tumor
6.090665523172797,77.77650375402558,3,3.4449155301142005,Yes,Tumor
3.6804518868195593,174.0622695587794,5,3.549931537902212,No,Fat
2.078772088197345,194.49143576538748,4,3.6368246974610674,Yes,Bone
10.775612093435669,290.9745780328505,3,2.5043515210487883,No,Bone
8.315698460689447,166.60345523530808,3,2.245678394918372,Yes,Fat
9.569932766289602,154.67756450089323,1,2.713516064506829,Yes,Tumor
4.386268632794028,209.94484104980705,1,2.9490326030473786,Yes,Tumor
1.327174039147598,58.44215329127546,4,1.5195289956595293,No,Fat
3.884241352165181,260.0170090069807,5,1.3143135101854415,No,Bone
10.540338305233671,280.2881505979051,4,2.697239085920416,Yes,Fat
2.023381697725904,16.415829943409204,2,1.7353376960293634,Yes,Muscle
8.504282503162305,68.53750111565503,2,2.156803702287321,Yes,Fat
5.19539136497604,48.0610145278924,3,3.641075246064061,No,Fat
5.436501711542005,281.6156507655388,1,3.8154851050118346,Yes,Fat
11.81438595037227,172.59142738068957,2,1.7526528073191083,Yes,Fat
6.8816872499686665,104.1560187981174,1,1.1239234547957326,No,Fat
9.827578384687447,287.84130923462027,4,0.8501946561111224,No,Fat
5.08521284910412,200.37879612613577,4,0.6009493833930568,No,Bone
2.934375094456046,81.53687071127068,2,3.593524191128999,Yes,Fat
6.177892900673032,85.3285972904946,4,3.4268989462568515,No,Muscle
2.985398993253283,54.20064386582106,1,1.7358239602726109,Yes,Muscle
6.1125032321295,20.63471381072746,5,0.8065432259009953,No,Fat
2.2610128299369654,201.212637439677,2,1.2969838176332562,Yes,Fat
1.416517669766966,143.23956283773612,1,0.5125636241924885,Yes,Fat
10.538686435675988,267.11522241973535,1,2.399803861054993,Yes,Tumor
4.9719986610757605,116.80976384698602,4,3.04837880329777,Yes,Bone
10.205758584880718,89.24526282948071,1,3.902721042419385,Yes,Tumor
3.9327420704398217,254.18965536916215,3,4.2536549754325765,No,Fat
5.289905696710268,219.40057207879372,1,3.1135339939147224,No,Tumor
7.569725831549872,13.51502464672905,2,1.914786746322936,Yes,Muscle
11.218967475751276,201.79747721042017,1,2.540593521825293,No,Muscle
1.7673467916207857,129.66033384610088,5,2.898510273839685,No,Fat
7.457231781210521,60.837853283721294,1,1.7161210897919985,Yes,Tumor
0.4020976323581039,222.51244798221268,2,2.373320743735254,Yes,Muscle
1.9049310688197392,141.76942702238864,1,1.5854638541560422,Yes,Fat
3.456211413598548,234.30720644911415,1,4.196107481702931,No,Tumor
8.817607956801979,89.1905348921156,4,2.9151879677163843,Yes,Tumor
8.736062149821484,231.8161458472172,3,3.891711535053394,Yes,Tumor
8.4595605994466,149.1822620679658,1,3.02280188463514,No,Tumor
4.088847175586221,120.7624954993398,2,2.463060026849442,Yes,Muscle
11.841010984163988,37.23120757893133,5,0.9859815643510615,No,Tumor
7.045507731025378,189.6522003427882,5,3.7823950307063465,Yes,Muscle
11.16340206287662,74.90710829856069,3,1.6601167745956236,Yes,Fat
5.16269361953536,155.7441621743983,1,4.1408521394710265,Yes,Tumor
6.965156227053673,71.80036416727415,4,2.922019066463506,Yes,Tumor
11.35877399939023,220.5341738957357,5,3.5515733422174565,No,Bone
4.434811346472098,242.10338726848485,4,2.5568041600373568,Yes,Muscle
10.77150855305446,264.61255292907015,2,0.7175629940892447,No,Tumor
8.227780603654647,152.7605783699301,4,2.5003204730863304,Yes,Muscle
9.27385522457528,242.76655984075603,2,3.435532523210165,No,Tumor
2.218628005750042,137.42744701139114,5,2.901125842112148,Yes,Tumor
5.96096055644448,19.02888403650829,4,1.4885262186455677,Yes,Muscle
10.910561679870176,269.5841448048956,3,0.6798457663662045,No,Fat
1.433262935799823,33.46659208486313,3,3.4911773990374897,No,Tumor
2.162202408843065,222.16096130904623,1,3.728757275164752,Yes,Fat
9.491137739427325,236.7881454244119,5,3.204501590353161,No,Tumor
3.899832287325937,69.69395091066279,2,1.5859950167274717,Yes,Fat
0.2547228897777588,113.06152491886444,3,2.7258248233018256,Yes,Muscle
8.209882394464758,198.5583167954645,2,2.8871056798467585,Yes,Bone
11.288739872956995,90.28006119816496,1,1.834427156116173,Yes,Fat
6.883727924063443,28.620591751788886,3,2.7219816964234407,Yes,Bone
2.863331072247126,130.68465947213082,4,0.5348245882501743,Yes,Muscle
8.994904163791702,165.39002849719355,2,4.066843460810984,No,Fat
6.188961561176427,202.82440010129324,4,1.7487854728704146,Yes,Bone
4.569437136415334,172.2981182112051,3,1.993039257851036,No,Muscle
10.154016200536509,139.138523950773,5,1.3043949097706695,Yes,Fat
8.84734542126624,200.45363271697477,1,0.5459698931924613,Yes,Muscle
3.255908175412533,131.72092190857546,4,1.2476577624338463,No,Tumor
10.98150215650702,223.34230312936504,3,1.592162477311227,Yes,Bone
10.451766708539326,33.82978356816393,4,1.617663536704288,Yes,Muscle
0.6136029522118558,264.7695127773909,2,0.9571430799919178,No,Tumor
0.6391177162873297,117.60124126553478,1,1.6332190496997223,Yes,Bone
2.0351415782042066,125.65860646010114,4,0.6679417156383529,No,Bone
4.589681540945009,278.83028069804567,2,2.5465428715803085,Yes,Fat
5.27444532938458,153.97373418303692,3,1.371634833008054,Yes,Bone
7.638390815931152,196.27440251251596,4,2.24257916182604,Yes,Tumor
10.722793361816,68.71936244791885,2,2.22444962038802,No,Fat
9.004290315565534,221.88864796938137,1,3.705391967495234,No,Tumor
2.369183875897632,83.14989585027486,1,3.6432505818734926,No,Tumor
7.319909051955985,95.99531857342002,3,4.113192057502842,Yes,Tumor
10.69727464080475,229.0284219440743,4,0.777313321551059,No,Tumor
1.115661050135862,45.23539912726624,1,1.5614804464079015,No,Tumor
1.6947812185626248,187.1844867667876,4,2.6665856728670394,No,Fat
0.6588950046231551,132.16193545528088,4,4.266131641137765,Yes,Muscle
11.126392739421783,196.17173512854717,5,2.63300559711641,No,Bone
10.478274516435402,34.58968465328293,5,3.248156602329922,Yes,Muscle
3.96968153211829,145.54643826246223,4,4.115030287100568,No,Muscle
10.986886243623337,233.56733494677508,1,3.6394472918355207,Yes,Muscle
1.936916311763008,289.30338236086044,3,0.8142313236949086,Yes,Fat
8.76577454848113,18.481712080022152,3,2.740366789773582,No,Fat
10.07611158606254,150.90281016403443,3,1.9779277361255208,No,Bone
9.719928442585887,211.92374500466053,3,2.7079612084828844,No,Fat
11.453207224378795,215.6234158995055,5,1.900811964362921,Yes,Fat
8.16301590592316,188.90880632896523,3,1.0005010285669875,No,Muscle
5.236748600133184,35.41639656151318,1,1.9859437746377369,No,Tumor
8.694976489082343,38.76164888029261,4,4.189469938680412,No,Fat
5.717596646808991,143.5564542095006,5,0.5257408459871828,No,Muscle
11.962803596966774,67.26644205938183,4,2.7173498973613794,Yes,Tumor
2.556413133951178,238.69833975499787,2,1.5917999789259514,No,Tumor
6.32447855475252,133.56418132820772,3,2.1648722353813974,Yes,Fat
5.97616759673625,61.19312928159739,2,2.875209923238462,Yes,Bone
0.2730815214477949,89.69375030895947,1,1.241491116330046,No,Fat
11.29145715379968,261.9007187071271,2,2.025764165653246,No,Muscle
8.996551624097387,233.09841915598852,2,1.164087294571443,No,Tumor
10.362128134086268,72.85454202632494,3,4.333991342670961,No,Bone
3.9517829132105,60.70320190551964,1,3.242802171734576,No,Tumor
1.4985623366475482,124.22067763970595,3,1.3146685510907394,No,Bone
6.775161861271097,266.41987437103825,5,2.232652445260665,No,Bone
1.2833525738362077,220.6738973827714,1,4.1598634603118745,No,Muscle
1.3075113601057822,208.1556592158865,1,3.357643054506393,No,Fat
4.52701522093412,59.229792475386816,3,3.382262194577625,Yes,Fat
0.315511187468002,22.08514117469144,2,2.738315417861368,No,Muscle
5.205028925762719,82.12713905041267,1,4.19824422150722,Yes,Tumor
9.173258360314218,223.8335524424619,2,2.413984465023848,No,Bone
6.076120622941787,267.2082210606882,2,1.2980212597184335,No,Bone
8.983247720904487,207.3447976016668,3,1.75145264342052,No,Fat
1.9566218212649944,243.90273287982043,2,2.1266962799943325,Yes,Bone
4.170772809719298,119.00760269227312,5,1.714495752575361,No,Muscle
2.6162312832588817,161.07781340889224,5,2.159260477555789,No,Tumor
3.1688634566551075,28.80754240006082,5,3.677923271414024,No,Muscle
7.572014634941802,164.55775809988722,3,3.4920189454856136,No,Fat
5.325705411985599,116.650211754414,2,0.7992848207798922,No,Fat
1.4513353471755854,243.73783943479583,5,2.0464806905353368,Yes,Bone
10.117762443423436,28.064621457718182,1,1.890028329700724,No,Fat
8.05685431710073,248.51936345396467,1,4.294977580598844,No,Muscle
0.4024876082547327,236.07949733435845,1,1.957416953712928,Yes,Bone
5.147154988498394,111.41393662629638,5,4.059534905893946,No,Bone
9.563681011132694,299.0420876173633,1,2.08384635499042,Yes,Tumor
7.5028317327116945,260.2111524875363,5,2.3031051355454557,Yes,Tumor
4.731499976936541,254.8094302010672,1,3.7372975931410495,Yes,Bone
3.7833786338073,17.43619908386635,3,0.5620333225063687,No,Tumor
6.288809452015949,17.076226651396027,1,4.10553238656774,No,Tumor
0.8741139565248263,76.70256281343389,5,3.841631323368504,Yes,Tumor
7.729656831335038,253.85275803351757,3,1.2629039503635786,Yes,Tumor
7.623945026242412,75.13852743471706,3,2.8557322997822565,No,Muscle
7.740176589236024,229.89632681941652,1,2.6629382685324168,No,Tumor
11.32062547655898,208.14504146128283,3,4.084163198628876,Yes,Fat
6.219389817121978,254.9193255751704,2,3.625395362457625,Yes,Bone
2.84979007939805,209.7767375945263,4,4.21353402254523,Yes,Fat
9.558254512145616,269.288769066949,5,2.22216083802876,No,Tumor
10.694139028301905,140.1211505605339,3,2.360220993202577,No,Tumor
1.6171150817505908,268.704559792668,4,4.001622500487337,No,Bone
9.792174942808336,114.17767712593204,1,2.130531431918623,No,Fat
3.5098409003265845,19.628901549496305,4,1.4980974673529943,Yes,Tumor
8.102969627316757,141.13771820219625,2,3.6779425345939623,Yes,Bone
4.983722241176972,239.1088265290478,1,0.7792026184585157,Yes,Tumor
5.010150355245975,31.314056725703672,5,3.487106558134872,Yes,Muscle
2.264373004349824,47.23434394169632,3,3.646833362829237,Yes,Tumor
11.695298211227382,120.13787625197664,5,2.4373777051660346,Yes,Muscle
4.427192268313598,149.37010742472793,4,1.0014259031695425,Yes,Fat
9.96197635890796,232.7992900207103,1,2.045292692305864,No,Bone
11.641558037820904,224.1502706828847,3,2.5491390289739404,No,Fat
8.181317597819426,249.55961277323323,4,3.432014478513413,No,Fat
0.1827303533211693,118.07966993357104,4,1.7403381533710205,Yes,Tumor
7.181427375333032,85.19606007107438,1,2.443269715650526,Yes,Tumor
7.170155512690408,27.47754318397265,1,3.416938971654572,No,Fat
7.009001368308717,279.14425569455443,1,2.5878120139142555,Yes,Bone
3.0196544052077194,253.54266283432895,1,3.368482273888774,No,Tumor
3.443120665279831,132.19353066035035,2,2.162415583629342,Yes,Bone
1.5834859063188755,86.86346421425117,1,4.22929103291551,Yes,Tumor
2.2637171097644977,214.6168000295497,2,3.81756650783405,No,Bone
8.098413014129955,55.99548053499137,4,4.296834507482049,No,Fat
1.552254994652868,166.45247478884778,3,2.558734468485756,No,Tumor
3.400836077475479,75.90819190631393,4,1.0095456640013571,No,Bone
3.4540718198034592,181.95574691612896,2,2.3781021681754506,Yes,Fat
6.706889658033601,29.67274714049985,2,2.048949084712384,No,Bone
8.952960881614857,151.58992973631567,2,3.3267021347107995,Yes,Bone
3.9722564080952862,33.89050322859438,2,0.7835663035651415,Yes,Tumor
7.076135000999887,223.85579292923083,5,2.591040566247479,Yes,Fat
11.28003740461385,282.3296325687399,1,2.5508809912505126,No,Muscle
0.4224423107914535,96.28905088245796,1,1.6138829157102093,No,Tumor
8.473528526622282,207.26619030507447,4,1.9194433229845915,No,Muscle
10.887018120478109,230.4840487054192,5,1.3788271615656016,Yes,Muscle
8.797322954923366,79.36223022261842,4,3.264847237546161,No,Fat
6.936230046840952,210.72678909129823,5,1.0117476980471327,Yes,Fat
6.314694794652172,68.04357083099492,1,4.2562283838687485,Yes,Fat
0.7167000881868802,135.42438471573826,4,2.8763311222788497,No,Muscle
4.682662970362911,149.64148193863952,3,4.158924459826014,Yes,Bone
1.7632912818528452,157.732417163439,1,2.2415745847029425,No,Fat
7.825602595181156,198.8575633420327,1,1.8102086607205297,No,Muscle
5.962238741061224,279.97512169702355,2,3.5154602953477,Yes,Tumor
11.01603154800069,287.41824011420283,5,4.270636707866522,No,Bone
6.274172879800258,290.6794101050588,3,1.0266143551730336,No,Tumor
6.340244204998203,61.454343146215,1,2.551688659099063,No,Muscle
3.5937429467474717,94.58214782569794,4,3.2591153969924846,No,Tumor
1.1012655834410812,17.130205773052438,3,2.2183837743042587,Yes,Muscle
7.624439384063596,47.37226156729911,1,3.3339587899711893,Yes,Fat
4.901446107927525,71.49300357338572,3,3.910339819753371,No,Bone
2.047505720101884,188.4136370869932,5,4.06757241302625,Yes,Bone
10.840379589486844,58.609572723612125,5,3.4701233313616857,No,Bone
4.105590910507655,100.42667859472527,5,3.310560823432916,No,Tumor
0.9781791203512464,244.27532316296495,1,4.305768114902724,No,Muscle
0.155121073754774,45.202061266227865,5,4.112763115337716,No,Fat
10.172782271640768,237.6547977127465,5,1.1969736065815182,Yes,Muscle
3.066577526871612,60.42962227365131,4,3.4069968966727866,No,Bone
7.120020473570134,132.88409355814122,2,3.9460548289075743,Yes,Muscle
9.70133339728044,141.59896700125535,3,3.646089529563388,No,Muscle
11.413500246278002,167.15127473972387,3,0.9355732559241564,Yes,Muscle
10.98015579806994,249.264328952218,4,4.4393829758683765,No,Fat
1.3685192122918846,142.87419715398886,5,3.028952603471444,Yes,Bone
2.634273521956038,78.69246210259979,5,2.0448479712681227,No,Muscle
10.370930767919562,238.04005418051008,2,2.210007325312447,No,Tumor
0.2094449142378928,233.41815116426,1,4.346053355932339,Yes,Fat
11.591021193587256,32.316428472470655,5,2.0079421677051204,No,Bone
1.884017385450408,101.4679997669237,1,2.0828318542951703,Yes,Fat
11.402618968173895,186.2924769100989,3,3.4723261585255205,Yes,Fat
10.663679774823768,286.0254177727393,4,3.387716910062718,Yes,Muscle
1.423250039443201,18.81224731208269,3,2.158943307869884,No,Fat
11.53816770950458,217.58923975780567,1,3.051817050738955,No,Tumor
8.58761296795364,198.39752820778685,4,2.678023076196912,Yes,Tumor
1.2642265117469178,18.88922563968376,5,1.3613775255302103,No,Muscle
10.766396240401326,64.52717303847068,2,1.343125797418753,No,Muscle
4.271991949798504,248.55815236896677,5,2.899085259881992,No,Muscle
7.428616166821376,133.39306698994187,1,2.033136958568805,No,Fat
2.828091603268434,209.5590647650972,3,3.360745819120965,No,Tumor
11.45175006633079,235.2130873096051,3,4.42819814806385,No,Fat
2.6268354170714865,21.43377529686671,2,0.5567601975830687,No,Fat
8.382093052515005,196.63753160699224,4,4.060228101861011,No,Muscle
2.1103272505587585,65.64152416843544,3,4.053856439691683,No,Bone
2.211530570978702,47.95336160832145,5,0.9475224661964954,No,Fat
10.967562575422008,21.489459351023573,4,4.202088831407524,No,Bone
3.917282773163657,251.31891160774515,4,1.2207830165125917,Yes,Fat
0.2558240334011702,117.92843691287888,1,3.506704688091677,Yes,Muscle
3.3385271330365565,186.965293348516,4,2.592572082788661,No,Tumor
7.1637501972931785,47.0369102542181,3,3.0532889591673062,Yes,Bone
0.7516635019821729,191.1524349677365,5,3.917043155989343,Yes,Fat
7.0533403118848925,104.1298906710784,4,3.358565099634897,Yes,Muscle
4.077502300721834,63.96941117542042,5,1.048357832315026,No,Fat
8.248300953391164,120.25672944789856,2,1.3318254371575595,Yes,Muscle
5.484030241979052,184.54566099453345,5,3.417855079326655,Yes,Muscle
4.504888533039788,254.9871361538974,3,3.4339469859684155,Yes,Tumor
4.767704136686814,203.5894707945264,5,3.9745585592937034,Yes,Tumor
1.9582159086576651,167.248789592636,3,3.594210967459549,No,Muscle
1.7228205594825603,236.35239942071996,1,2.8540197406359558,Yes,Fat
6.902191004691808,277.59958524888435,5,0.5998648884802287,Yes,Fat
2.978042261715375,215.3699057071317,4,0.5642474599240246,No,Muscle
3.096408800992738,143.8284647411729,4,4.467091523916998,Yes,Fat
5.825567212072328,169.36356540955492,3,3.46225889303804,Yes,Tumor
11.916281073819674,203.60208181343955,5,3.591946885222347,Yes,Tumor
3.1690436418347843,292.92695824937533,1,2.818904628388899,No,Muscle
7.3996408316358995,245.7658642276671,3,2.682340730676591,Yes,Tumor
0.638204738035403,149.16392988813357,4,2.277461396966057,Yes,Tumor
6.379643198126968,104.83961685333922,3,3.215590900311362,Yes,Bone
8.47854924038076,112.49219999778823,5,3.351110704867324,Yes,Tumor
0.5349410473923291,228.9621593364207,4,2.859791531207235,Yes,Bone
6.568279047256464,85.34583053605992,4,3.022323766332369,Yes,Bone
10.228526391050597,44.0193747990944,3,0.5459226389975114,No,Fat
1.759976941759298,96.23121213803972,3,2.071175103237373,No,Bone
11.555516134667307,247.0163532891232,5,3.471299899625265,Yes,Bone
1.513933203590056,201.0767863674706,3,3.514378522983012,Yes,Muscle
4.476619279359113,249.4868576637812,5,3.622927412803604,No,Tumor
9.599712629704625,80.19305460013297,4,3.2831899106217795,Yes,Bone
4.659348486169019,280.60286608963173,5,1.6770669465484571,No,Tumor
10.776867519644588,178.82943345111926,2,0.9975313249652972,Yes,Muscle
9.661423071579698,104.30511862516153,1,2.135109044916528,No,Fat
8.863686403934201,234.64952404254277,5,3.771425222620118,No,Muscle
6.923910868667105,26.555188265901307,3,4.114233773730121,No,Muscle
7.479577913838287,118.24301957250864,4,1.3137459005443648,Yes,Bone
5.262834625931879,220.87903023222933,2,1.8321394872215933,No,Tumor
9.872961925596952,124.39812078531024,4,1.7467593140601658,Yes,Fat
9.562715717747574,108.44055583741375,4,2.9689960833949027,Yes,Tumor
11.839531460636458,159.54703403198437,5,2.34466760501564,No,Bone
5.06719093747047,219.79183296968964,2,3.062542371210346,No,Fat
2.9229988216583345,154.1194100426908,2,2.516015054385304,No,Tumor
3.32186161040829,71.91829623009485,2,3.086401775794648,No,Muscle
1.383907981220323,111.53632515835172,2,1.6809672099585686,Yes,Tumor
1.223871232995548,257.771677077178,4,2.1775584466678866,No,Muscle
7.686933909127036,58.43984436670181,4,2.1037670498921868,No,Fat
0.7700089806138645,72.54579419533798,4,2.147458961669984,No,Bone
4.336074875950013,171.05542977191303,4,0.7000743072844489,Yes,Bone
8.574932734035677,211.1678454766317,5,3.765643139860123,Yes,Bone
3.4999738267541427,293.380513424182,1,3.28650908486956,Yes,Muscle
10.76348646908957,287.1389344866285,4,1.3022410042919317,No,Muscle
10.49558562687065,106.5705547868774,4,3.3273514231221646,Yes,Fat
7.3810494471963155,212.2518775015836,1,4.36821072570414,Yes,Muscle
6.437814247363872,290.08842673443377,3,0.8796337650693848,No,Bone
2.464716610256652,77.74624780447388,1,3.507088692156373,No,Muscle
4.983556784123993,124.91018548177104,3,3.5956248870826606,No,Tumor
9.731397750194311,211.54474697669733,1,1.0757676542889234,Yes,Bone
9.328778638670626,235.16975948492012,3,2.961014613129656,Yes,Tumor
8.441532664363528,18.692341063076604,5,1.6871467280794024,No,Tumor
3.840836174808288,266.29790663939343,4,0.8802121821307711,No,Fat
